spread,target_median,number_KNN,ABS Metrics ,fsignal
,,,,
1000,1000,1,0,0
,,,,
1393,1393,1,0,0
,,,,
1610,1824,2,0.12,0
,,,,
1018,1018,1,0,0
,,,,
2517,1345,4,0.87,0
,,,,
1063,1064,12,0,0
,,,,
1550,1506,13,0.03,0
,,,,
3265,2378,14,0.37,1
,,,,
937,874,2,0.07,0
,,,,
1682,1674,5,0,0
,,,,
2752,2752,1,0,0
,,,,
5779,5779,1,0,0
,,,,
2311,2311,1,0,0
,,,,
42,42,1,0,0
,,,,
47,47,1,0,0
,,,,
47,47,1,0,0
,,,,
238,238,1,0,0
,,,,
3239,3239,1,0,0
,,,,
310,568,2,0.45,0
,,,,
1860,1860,1,0,0
,,,,
422,422,1,0,0
,,,,
452,452,1,0,0
,,,,
4764,4764,1,0,0
,,,,
155,155,1,0,0
,,,,
6142,6142,1,0,0
,,,,
1989,1989,1,0,0
,,,,
178,178,1,0,0
,,,,
439,439,1,0,0
,,,,
99665,99665,1,0,0
,,,,
1605,1605,1,0,0
,,,,
10124,10124,1,0,0
,,,,
11562,11562,1,0,0
,,,,
-10306,-10306,1,0,0
,,,,
950,950,1,0,0
,,,,
1674,1674,5,0,0
,,,,
1132,965,3,0.17,0
,,,,
1673,1460,2,0.15,0
,,,,
965,965,3,0,0
,,,,
1248,1460,2,0.15,0
,,,,
232,232,1,0,0
,,,,
255,255,1,0,0
,,,,
371,371,1,0,0
,,,,
463,463,1,0,0
,,,,
485,485,1,0,0
,,,,
541,541,1,0,0
,,,,
631,631,1,0,0
,,,,
133,140,2,0.05,0
,,,,
151,138,2,0.09,0
,,,,
155,146,2,0.06,0
,,,,
158,158,2,0,0
,,,,
384,384,1,0,0
,,,,
1164,1164,1,0,0
,,,,
2810,2810,1,0,0
,,,,
93,93,1,0,0
,,,,
124,138,2,0.1,1
,,,,
138,146,2,0.05,0
,,,,
159,158,2,0.01,0
,,,,
164,164,1,0,0
,,,,
256,256,1,0,0
,,,,
273,273,1,0,0
,,,,
385,385,1,0,0
,,,,
147,140,2,0.05,0
,,,,
177,180,2,0.02,0
,,,,
402,402,1,0,0
,,,,
534,534,1,0,0
,,,,
742,742,1,0,0
,,,,
890,890,1,0,0
,,,,
1082,1082,1,0,0
,,,,
4070,4070,1,0,0
,,,,
146,146,1,0,0
,,,,
364,364,1,0,0
,,,,
1815,1815,1,0,0
,,,,
125,125,1,0,0
,,,,
548,548,1,0,0
,,,,
732,732,1,0,0
,,,,
4443,4443,1,0,0
,,,,
235,235,1,0,0
,,,,
2402,2402,1,0,0
,,,,
197,146,2,0.35,1
,,,,
209,136,3,0.54,1
,,,,
355,355,1,0,0
,,,,
1581,1581,1,0,0
,,,,
25235,25235,1,0,0
,,,,
371,371,1,0,0
,,,,
883,883,1,0,0
,,,,
1597,1597,1,0,0
,,,,
6043,6043,1,0,0
,,,,
437,437,1,0,0
,,,,
1616,1366,2,0.18,0
,,,,
12131,12131,1,0,0
,,,,
3426,3426,1,0,0
,,,,
5769,5769,1,0,0
,,,,
797,797,1,0,0
,,,,
3720,3720,1,0,0
,,,,
846,996,21,0.15,0
,,,,
1196,1419,27,0.16,0
,,,,
843,996,21,0.15,0
,,,,
1143,1419,27,0.19,1
,,,,
755,755,1,0,0
,,,,
1594,1674,5,0.05,0
,,,,
818,824,14,0.01,0
,,,,
1419,1533,15,0.07,0
,,,,
694,703,4,0.01,0
,,,,
781,784,4,0,0
,,,,
958,958,1,0,0
,,,,
1309,1284,6,0.02,1
,,,,
2263,1818,6,0.24,1
,,,,
913,974,8,0.06,0
,,,,
1253,1419,27,0.12,0
,,,,
887,996,21,0.11,0
,,,,
1637,1419,27,0.15,0
,,,,
932,926,4,0.01,0
,,,,
1619,1419,27,0.14,0
,,,,
935,920,2,0.02,0
,,,,
1445,1533,15,0.06,0
,,,,
983,993,13,0.01,0
,,,,
1173,1628,19,0.28,0
,,,,
1030,993,13,0.04,0
,,,,
970,1051,2,0.08,0
,,,,
1249,1628,19,0.23,0
,,,,
896,1058,5,0.15,0
,,,,
2670,2670,5,0,0
,,,,
1054,1106,10,0.05,1
,,,,
2141,2141,23,0,0
,,,,
1069,992,3,0.08,0
,,,,
2747,2141,23,0.28,0
,,,,
1432,1256,4,0.14,1
,,,,
557,557,1,0,0
,,,,
1641,1462,4,0.12,0
,,,,
3175,3111,3,0.02,0
,,,,
1278,1278,1,0,0
,,,,
1598,1396,2,0.14,0
,,,,
3314,2378,14,0.39,0
,,,,
1141,946,4,0.21,0
,,,,
1585,1506,13,0.05,0
,,,,
2211,2378,14,0.07,0
,,,,
933,996,2,0.06,1
,,,,
1133,1690,4,0.33,1
,,,,
2312,2312,3,0,0
,,,,
1064,1064,12,0,0
,,,,
1509,1506,13,0,0
,,,,
2063,2378,14,0.13,0
,,,,
1007,1007,1,0,0
,,,,
1107,1284,6,0.14,0
,,,,
1858,1818,6,0.02,0
,,,,
1226,1226,1,0,0
,,,,
1661,1284,6,0.29,0
,,,,
1778,1818,6,0.02,0
,,,,
177,177,1,0,0
,,,,
183,180,2,0.02,0
,,,,
375,375,1,0,0
,,,,
1567,1567,1,0,0
,,,,
91414,91414,1,0,0
,,,,
1025,1025,1,0,0
,,,,
875,875,1,0,0
,,,,
1879,1690,4,0.11,0
,,,,
962,974,4,0.01,0
,,,,
1362,1362,5,0,0
,,,,
1763,1796,13,0.02,0
,,,,
1062,1102,2,0.04,0
,,,,
1264,1205,2,0.05,0
,,,,
1419,1408,2,0.01,0
,,,,
1624,1561,2,0.04,0
,,,,
3184,3163,3,0.01,0
,,,,
3579,3555,3,0.01,0
,,,,
1062,996,21,0.07,0
,,,,
1419,1419,27,0,0
,,,,
3184,1796,13,0.77,0
,,,,
992,996,21,0,0
,,,,
1588,1419,27,0.12,0
,,,,
903,974,8,0.07,0
,,,,
1244,1419,27,0.12,0
,,,,
1147,974,4,0.18,0
,,,,
1417,1362,5,0.04,0
,,,,
1757,1796,13,0.02,0
,,,,
1094,996,21,0.1,0
,,,,
1501,1419,27,0.06,1
,,,,
828,974,4,0.15,0
,,,,
1264,1362,5,0.07,0
,,,,
2974,1796,13,0.66,0
,,,,
1071,824,14,0.3,0
,,,,
1533,1533,15,0,0
,,,,
2728,2730,4,0,0
,,,,
905,920,2,0.02,0
,,,,
1618,1533,15,0.06,0
,,,,
1060,1056,2,0,0
,,,,
1521,1533,15,0.01,0
,,,,
1052,1052,1,0,0
,,,,
1442,1281,2,0.13,0
,,,,
1217,1217,1,0,0
,,,,
310,310,1,0,0
,,,,
13326,13326,1,0,0
,,,,
395,395,1,0,0
,,,,
603,603,1,0,0
,,,,
411,411,1,0,0
,,,,
975,975,1,0,0
,,,,
775,775,1,0,0
,,,,
189,180,2,0.05,0
,,,,
226,226,1,0,0
,,,,
6722,6722,1,0,0
,,,,
743,728,6,0.02,0
,,,,
1483,1512,4,0.02,0
,,,,
4405,3338,4,0.32,1
,,,,
994,728,6,0.37,1
,,,,
2241,1512,4,0.48,1
,,,,
791,728,6,0.09,1
,,,,
1542,1512,4,0.02,0
,,,,
713,728,6,0.02,0
,,,,
1079,1079,1,0,0
,,,,
1729,1594,2,0.08,0
,,,,
1133,1088,4,0.04,0
,,,,
1977,1628,19,0.21,0
,,,,
970,993,13,0.02,0
,,,,
2546,1628,19,0.56,0
,,,,
1700,1700,1,0,0
,,,,
3458,1628,19,1.12,0
,,,,
1396,1008,6,0.38,0
,,,,
1948,1628,19,0.2,0
,,,,
989,989,3,0,0
,,,,
3363,2846,2,0.18,0
,,,,
1132,1051,2,0.08,0
,,,,
1532,1532,1,0,0
,,,,
848,993,13,0.15,1
,,,,
1922,1008,6,0.91,0
,,,,
4345,1628,19,1.67,0
,,,,
1140,1088,4,0.05,0
,,,,
2510,1628,19,0.54,0
,,,,
1210,904,4,0.34,0
,,,,
1544,1628,19,0.05,0
,,,,
1203,1203,1,0,0
,,,,
3502,2670,5,0.31,0
,,,,
1350,1058,5,0.28,0
,,,,
965,992,3,0.03,0
,,,,
1495,2141,23,0.3,0
,,,,
708,1256,4,0.44,1
,,,,
1870,1648,4,0.13,0
,,,,
3105,2980,7,0.04,0
,,,,
981,1112,6,0.12,0
,,,,
2867,2141,23,0.34,0
,,,,
944,932,3,0.01,0
,,,,
1425,1648,4,0.14,0
,,,,
2130,2980,7,0.29,0
,,,,
1085,1106,10,0.02,0
,,,,
1479,1487,5,0.01,0
,,,,
1774,2352,2,0.25,0
,,,,
939,928,2,0.01,0
,,,,
1361,1648,4,0.17,0
,,,,
1961,1961,1,0,0
,,,,
3157,2536,2,0.24,0
,,,,
1058,1058,5,0,0
,,,,
1892,2141,23,0.12,0
,,,,
1075,1075,3,0,0
,,,,
2944,2141,23,0.38,0
,,,,
4908,3436,2,0.43,0
,,,,
1179,1140,2,0.03,0
,,,,
2260,2670,5,0.15,0
,,,,
917,928,2,0.01,0
,,,,
1551,1487,5,0.04,0
,,,,
3170,2980,7,0.06,1
,,,,
1432,1106,10,0.29,1
,,,,
2522,2141,23,0.18,1
,,,,
1037,1039,7,0,0
,,,,
2136,2141,23,0,0
,,,,
940,940,1,0,0
,,,,
1333,1487,5,0.1,0
,,,,
2929,2352,2,0.25,0
,,,,
1064,1285,2,0.17,0
,,,,
1284,1462,4,0.12,1
,,,,
3111,3111,3,0,0
,,,,
949,1187,3,0.2,1
,,,,
2693,2108,23,0.28,0
,,,,
1060,996,2,0.06,0
,,,,
1502,1690,4,0.11,0
,,,,
2268,2312,3,0.02,0
,,,,
1142,1142,1,0,0
,,,,
2743,2108,23,0.3,0
,,,,
979,912,2,0.07,1
,,,,
1205,1506,13,0.2,1
,,,,
2566,2378,14,0.08,0
,,,,
1064,1068,19,0,0
,,,,
1664,2108,23,0.21,0
,,,,
3297,2378,14,0.39,0
,,,,
1506,1285,2,0.17,1
,,,,
1771,1462,4,0.21,0
,,,,
2587,3111,3,0.17,0
,,,,
1389,1186,4,0.17,1
,,,,
1957,1957,5,0,0
,,,,
2379,2312,3,0.03,0
,,,,
844,912,2,0.07,0
,,,,
1193,1396,2,0.15,1
,,,,
1764,1764,1,0,0
,,,,
2994,2993,3,0,0
,,,,
1345,1068,19,0.26,0
,,,,
2131,2108,23,0.01,0
,,,,
1187,1187,3,0,0
,,,,
2114,2108,23,0,0
,,,,
548,907,3,0.4,1
,,,,
823,1284,6,0.36,1
,,,,
1182,1818,6,0.35,1
,,,,
2373,2373,1,0,0
,,,,
875,996,21,0.12,0
,,,,
1520,1419,27,0.07,0
,,,,
920,907,3,0.01,0
,,,,
1258,1284,6,0.02,0
,,,,
2190,1818,6,0.2,1
,,,,
376,376,1,0,0
,,,,
223,223,1,0,0
,,,,
1563,1563,3,0,0
,,,,
467,467,1,0,0
,,,,
953,921,2,0.03,0
,,,,
1274,1274,1,0,0
,,,,
36,36,1,0,0
,,,,
4604,4604,1,0,0
,,,,
71214,71214,1,0,0
,,,,
905,1085,3,0.17,0
,,,,
1210,1068,19,0.13,0
,,,,
1068,1068,19,0,0
,,,,
946,946,4,0,0
,,,,
1055,1506,13,0.3,1
,,,,
954,1008,5,0.05,0
,,,,
814,996,21,0.18,0
,,,,
1012,996,21,0.02,0
,,,,
942,996,21,0.05,0
,,,,
2141,824,14,1.6,0
,,,,
1621,824,14,0.97,0
,,,,
213,213,1,0,0
,,,,
558,558,1,0,0
,,,,
9800,9800,1,0,0
,,,,
16727,16727,1,0,0
,,,,
291,291,1,0,0
,,,,
1007,996,21,0.01,0
,,,,
1254,1419,27,0.12,0
,,,,
1263,1796,13,0.3,0
,,,,
1083,1034,2,0.05,0
,,,,
1146,1362,5,0.16,0
,,,,
1646,1796,13,0.08,0
,,,,
216,216,1,0,0
,,,,
960,960,1,0,0
,,,,
1750,1750,1,0,0
,,,,
1224,2128,4,0.42,0
,,,,
907,946,2,0.04,0
,,,,
1685,2128,4,0.21,1
,,,,
1480,1480,1,0,0
,,,,
1039,1039,1,0,0
,,,,
275,275,1,0,0
,,,,
296,296,1,0,0
,,,,
210,210,1,0,0
,,,,
1323,1323,1,0,0
,,,,
242,242,1,0,0
,,,,
1169,1169,1,0,0
,,,,
813,1563,3,0.48,1
,,,,
2021,1757,2,0.15,0
,,,,
676,676,1,0,0
,,,,
651,651,1,0,0
,,,,
173,173,1,0,0
,,,,
348,348,1,0,0
,,,,
983,983,1,0,0
,,,,
27860,27860,1,0,0
,,,,
3009,3009,1,0,0
,,,,
1093,1093,1,0,0
,,,,
1103,1103,1,0,0
,,,,
1480,1480,1,0,0
,,,,
9414,9414,1,0,0
,,,,
542,542,1,0,0
,,,,
587,587,1,0,0
,,,,
677,677,1,0,0
,,,,
350,350,1,0,0
,,,,
922,922,1,0,0
,,,,
462,462,1,0,0
,,,,
882,882,1,0,0
,,,,
592,592,1,0,0
,,,,
394,394,1,0,0
,,,,
374,374,1,0,0
,,,,
294,294,1,0,0
,,,,
823,823,1,0,0
,,,,
566,566,1,0,0
,,,,
817,1256,3,0.35,0
,,,,
625,729,2,0.14,0
,,,,
1256,1256,3,0,0
,,,,
812,808,2,0,0
,,,,
1203,1268,2,0.05,0
,,,,
985,946,2,0.04,0
,,,,
2571,2128,4,0.21,0
,,,,
728,728,1,0,0
,,,,
1458,1594,2,0.09,0
,,,,
1270,1270,1,0,0
,,,,
946,861,4,0.1,0
,,,,
1613,1764,7,0.09,0
,,,,
895,904,4,0.01,0
,,,,
1463,1463,1,0,0
,,,,
1932,1628,19,0.19,0
,,,,
976,1008,6,0.03,0
,,,,
1284,1628,19,0.21,0
,,,,
755,840,3,0.1,0
,,,,
1453,1365,2,0.06,1
,,,,
4770,4770,3,0,0
,,,,
757,760,2,0,0
,,,,
1277,1275,3,0,0
,,,,
1413,4770,3,0.7,0
,,,,
1280,1280,1,0,0
,,,,
2728,2670,5,0.02,0
,,,,
2748,1256,4,1.19,1
,,,,
2913,1487,5,0.96,0
,,,,
3930,2980,7,0.32,0
,,,,
1079,1256,4,0.14,0
,,,,
2248,2141,23,0.05,1
,,,,
1258,1039,7,0.21,0
,,,,
2544,2141,23,0.19,1
,,,,
1127,1106,10,0.02,1
,,,,
1487,1487,5,0,0
,,,,
2980,2980,7,0,0
,,,,
1057,1186,4,0.11,0
,,,,
2277,1957,5,0.16,0
,,,,
1458,1064,12,0.37,1
,,,,
2851,2108,23,0.35,1
,,,,
1061,1064,12,0,0
,,,,
1506,1506,13,0,0
,,,,
1064,1068,19,0,0
,,,,
2833,2108,23,0.34,0
,,,,
1064,1068,19,0,0
,,,,
1364,2108,23,0.35,0
,,,,
1003,996,21,0.01,0
,,,,
1353,1419,27,0.05,0
,,,,
998,996,21,0,0
,,,,
1618,1419,27,0.14,0
,,,,
793,996,21,0.2,0
,,,,
1143,1419,27,0.19,0
,,,,
812,874,2,0.07,0
,,,,
1557,1674,5,0.07,0
,,,,
764,824,14,0.07,0
,,,,
1541,1533,15,0.01,0
,,,,
557,622,2,0.1,0
,,,,
1493,1757,2,0.15,0
,,,,
912,904,4,0.01,0
,,,,
981,1088,4,0.1,0
,,,,
1116,1116,1,0,0
,,,,
1812,1812,1,0,0
,,,,
384,384,1,0,0
,,,,
172,172,1,0,0
,,,,
2603,2603,1,0,0
,,,,
1116,1366,2,0.18,0
,,,,
351,351,1,0,0
,,,,
1592,1592,1,0,0
,,,,
296,296,1,0,0
,,,,
448,448,1,0,0
,,,,
582,582,1,0,0
,,,,
1173,1173,1,0,0
,,,,
826,568,2,0.45,1
,,,,
4796,4796,1,0,0
,,,,
646,646,1,0,0
,,,,
724,724,1,0,0
,,,,
5160,5160,1,0,0
,,,,
163,163,1,0,0
,,,,
585,585,1,0,0
,,,,
143,143,1,0,0
,,,,
265,415,2,0.36,1
,,,,
1066,1066,1,0,0
,,,,
572,572,1,0,0
,,,,
889,921,2,0.03,0
,,,,
1074,1074,1,0,0
,,,,
433,433,1,0,0
,,,,
731,731,1,0,0
,,,,
1022,1022,1,0,0
,,,,
1322,1322,1,0,0
,,,,
148,148,1,0,0
,,,,
262,262,1,0,0
,,,,
713,713,1,0,0
,,,,
816,816,1,0,0
,,,,
1603,1694,2,0.05,0
,,,,
748,516,3,0.45,0
,,,,
892,662,2,0.35,0
,,,,
1242,991,3,0.25,0
,,,,
694,728,6,0.05,0
,,,,
1096,1096,1,0,0
,,,,
703,952,2,0.26,1
,,,,
908,908,1,0,0
,,,,
472,472,1,0,0
,,,,
1031,1031,1,0,0
,,,,
978,1008,6,0.03,0
,,,,
675,1008,6,0.33,1
,,,,
840,840,3,0,0
,,,,
1275,1275,3,0,0
,,,,
971,971,1,0,0
,,,,
1297,993,13,0.31,0
,,,,
1034,993,13,0.04,0
,,,,
858,1058,5,0.19,0
,,,,
1290,1106,10,0.17,1
,,,,
1257,1112,6,0.13,0
,,,,
1977,2141,23,0.08,0
,,,,
1180,1106,10,0.07,0
,,,,
1256,1112,6,0.13,1
,,,,
2931,2141,23,0.37,1
,,,,
1280,1106,10,0.16,1
,,,,
992,992,3,0,0
,,,,
908,1039,7,0.13,0
,,,,
861,1106,10,0.22,1
,,,,
1085,1085,3,0,0
,,,,
1268,1462,4,0.13,1
,,,,
1159,1064,12,0.09,0
,,,,
1161,1064,12,0.09,0
,,,,
1062,1064,12,0,0
,,,,
1299,1068,19,0.22,0
,,,,
1163,1064,12,0.09,0
,,,,
1619,2108,23,0.23,0
,,,,
765,1068,19,0.28,0
,,,,
1094,2108,23,0.48,0
,,,,
664,838,2,0.21,1
,,,,
1465,1506,13,0.03,0
,,,,
1009,1008,5,0,0
,,,,
955,974,8,0.02,0
,,,,
992,974,8,0.02,0
,,,,
1347,1150,2,0.17,0
,,,,
920,926,4,0.01,0
,,,,
1140,1140,1,0,0
,,,,
686,622,2,0.1,0
,,,,
1132,1132,1,0,0
,,,,
538,538,1,0,0
,,,,
1676,1563,3,0.07,0
,,,,
1239,1239,1,0,0
,,,,
95,146,2,0.35,0
,,,,
121,136,3,0.11,1
,,,,
290,290,1,0,0
,,,,
178,178,1,0,0
,,,,
237,237,1,0,0
,,,,
284,284,1,0,0
,,,,
460,460,1,0,0
,,,,
659,659,1,0,0
,,,,
207,207,1,0,0
,,,,
208,208,1,0,0
,,,,
223,223,1,0,0
,,,,
480,480,1,0,0
,,,,
1731,1731,1,0,0
,,,,
174,174,1,0,0
,,,,
178,178,1,0,0
,,,,
210,210,1,0,0
,,,,
268,268,1,0,0
,,,,
158,158,1,0,0
,,,,
174,174,1,0,0
,,,,
410,410,1,0,0
,,,,
2703,2703,1,0,0
,,,,
474,436,2,0.09,1
,,,,
267,267,1,0,0
,,,,
860,860,1,0,0
,,,,
1263,1263,1,0,0
,,,,
829,829,1,0,0
,,,,
347,347,1,0,0
,,,,
991,991,1,0,0
,,,,
237,237,1,0,0
,,,,
304,304,1,0,0
,,,,
2958,2958,1,0,0
,,,,
548,548,1,0,0
,,,,
565,415,2,0.36,1
,,,,
2205,2205,1,0,0
,,,,
138,138,1,0,0
,,,,
136,136,3,0,0
,,,,
189,189,1,0,0
,,,,
523,523,1,0,0
,,,,
719,719,1,0,0
,,,,
226,226,1,0,0
,,,,
662,662,1,0,0
,,,,
395,395,1,0,0
,,,,
12390,12390,1,0,0
,,,,
397,436,2,0.09,1
,,,,
2538,2538,1,0,0
,,,,
1094,1094,1,0,0
,,,,
166,166,1,0,0
,,,,
87,87,1,0,0
,,,,
115,115,1,0,0
,,,,
171,171,1,0,0
,,,,
191,191,1,0,0
,,,,
1513,1513,1,0,0
,,,,
876,876,1,0,0
,,,,
254,254,1,0,0
,,,,
769,769,1,0,0
,,,,
155,155,2,0,0
,,,,
170,180,2,0.06,1
,,,,
429,429,1,0,0
,,,,
442,442,1,0,0
,,,,
491,491,1,0,0
,,,,
501,501,1,0,0
,,,,
503,503,1,0,0
,,,,
596,596,1,0,0
,,,,
378,378,1,0,0
,,,,
498,498,1,0,0
,,,,
835,835,1,0,0
,,,,
155,155,2,0,0
,,,,
158,158,1,0,0
,,,,
318,318,1,0,0
,,,,
402,402,1,0,0
,,,,
445,445,1,0,0
,,,,
628,628,1,0,0
,,,,
1173,1173,1,0,0
,,,,
4090,4090,1,0,0
,,,,
4737,4737,1,0,0
,,,,
262,262,1,0,0
,,,,
420,420,1,0,0
,,,,
2986,2986,1,0,0
,,,,
3309,3309,1,0,0
,,,,
668,668,1,0,0
,,,,
493,493,1,0,0
,,,,
2963,2963,1,0,0
,,,,
271,271,1,0,0
,,,,
59672,59672,1,0,0
,,,,
301,301,1,0,0
,,,,
339,339,1,0,0
,,,,
372,372,1,0,0
,,,,
1227,1227,1,0,0
,,,,
2743,2743,1,0,0
,,,,
6832,6832,1,0,0
,,,,
7041,7041,1,0,0
,,,,
5770,5770,1,0,0
,,,,
1843,1843,1,0,0
,,,,
935,935,1,0,0
,,,,
5095,5095,1,0,0
,,,,
957,957,1,0,0
,,,,
88711,88711,1,0,0
,,,,
667,667,1,0,0
,,,,
671,671,1,0,0
,,,,
676,676,1,0,0
,,,,
746,746,1,0,0
,,,,
1326,1326,1,0,0
,,,,
1345,1345,1,0,0
,,,,
1756,1756,1,0,0
,,,,
698,698,1,0,0
,,,,
890,890,1,0,0
,,,,
1277,1277,1,0,0
,,,,
337,703,4,0.52,0
,,,,
786,784,4,0,0
,,,,
1224,1224,1,0,0
,,,,
1599,1599,1,0,0
,,,,
2437,2437,1,0,0
,,,,
255,516,3,0.51,1
,,,,
433,662,2,0.35,1
,,,,
991,991,3,0,0
,,,,
516,516,3,0,0
,,,,
581,581,1,0,0
,,,,
763,991,3,0.23,1
,,,,
951,951,1,0,0
,,,,
1098,1210,2,0.09,1
,,,,
2094,2094,1,0,0
,,,,
1904,1904,1,0,0
,,,,
5617,5617,1,0,0
,,,,
7995,4770,3,0.68,0
,,,,
1141,1141,1,0,0
,,,,
1247,1275,3,0.02,0
,,,,
764,760,2,0.01,0
,,,,
1277,1365,2,0.06,0
,,,,
1895,1895,1,0,0
,,,,
918,918,1,0,0
,,,,
1284,1284,1,0,0
,,,,
988,988,1,0,0
,,,,
860,840,3,0.02,0
,,,,
1322,1210,2,0.09,0
,,,,
1486,1486,1,0,0
,,,,
933,933,1,0,0
,,,,
1359,1359,1,0,0
,,,,
1964,3436,2,0.43,0
,,,,
932,932,3,0,0
,,,,
1214,2141,23,0.43,0
,,,,
1614,2980,7,0.46,0
,,,,
1914,2536,2,0.25,0
,,,,
920,932,3,0.01,0
,,,,
2255,1648,4,0.37,1
,,,,
2568,2980,7,0.14,0
,,,,
961,1112,6,0.14,0
,,,,
1793,2141,23,0.16,0
,,,,
992,1075,3,0.08,0
,,,,
1425,1910,2,0.25,0
,,,,
1039,1039,7,0,0
,,,,
2395,1910,2,0.25,0
,,,,
1089,1089,1,0,0
,,,,
1214,1186,4,0.02,0
,,,,
1462,1957,5,0.25,1
,,,,
2790,2790,1,0,0
,,,,
1170,1068,19,0.1,1
,,,,
1518,1506,13,0.01,1
,,,,
2740,2378,14,0.15,1
,,,,
1086,1068,19,0.02,0
,,,,
1425,2108,23,0.32,0
,,,,
3067,2378,14,0.29,0
,,,,
1141,1068,19,0.07,0
,,,,
2108,2108,23,0,0
,,,,
1063,1068,19,0,0
,,,,
2862,1690,4,0.69,0
,,,,
1072,1072,1,0,0
,,,,
1457,1506,13,0.03,0
,,,,
2364,2378,14,0.01,0
,,,,
838,946,4,0.11,1
,,,,
1199,1506,13,0.2,1
,,,,
1635,2378,14,0.31,0
,,,,
2974,2993,3,0.01,0
,,,,
1017,1064,12,0.04,0
,,,,
1956,2108,23,0.07,0
,,,,
1013,838,2,0.21,0
,,,,
1520,1506,13,0.01,0
,,,,
1757,2378,14,0.26,0
,,,,
2993,2993,3,0,0
,,,,
986,986,1,0,0
,,,,
1006,1006,1,0,0
,,,,
1551,1551,1,0,0
,,,,
1551,1551,1,0,0
,,,,
2977,3163,3,0.06,0
,,,,
3027,3555,3,0.15,0
,,,,
986,974,4,0.01,0
,,,,
1551,1551,1,0,0
,,,,
2977,1796,13,0.66,0
,,,,
1009,1008,5,0,0
,,,,
1567,1538,2,0.02,0
,,,,
2623,2623,1,0,0
,,,,
1011,1011,1,0,0
,,,,
1014,1014,1,0,0
,,,,
1569,1569,1,0,0
,,,,
1571,1571,1,0,0
,,,,
2631,2631,1,0,0
,,,,
2670,2670,1,0,0
,,,,
1364,996,21,0.37,0
,,,,
1770,1419,27,0.25,0
,,,,
1796,1796,13,0,0
,,,,
1181,996,21,0.19,0
,,,,
3551,1419,27,1.5,0
,,,,
942,974,8,0.03,0
,,,,
1602,1419,27,0.13,0
,,,,
986,996,21,0.01,0
,,,,
1262,1419,27,0.11,0
,,,,
854,926,4,0.08,0
,,,,
3040,1419,27,1.14,0
,,,,
943,926,4,0.02,0
,,,,
1282,1419,27,0.1,0
,,,,
1001,974,8,0.03,0
,,,,
1340,1340,1,0,0
,,,,
2039,1824,2,0.12,0
,,,,
776,824,14,0.06,0
,,,,
1276,1533,15,0.17,0
,,,,
2761,2730,4,0.01,0
,,,,
853,824,14,0.04,0
,,,,
1135,1533,15,0.26,0
,,,,
828,824,14,0,0
,,,,
1228,1533,15,0.2,0
,,,,
862,824,14,0.05,0
,,,,
1828,1533,15,0.19,0
,,,,
923,772,2,0.2,0
,,,,
1253,1345,4,0.07,0
,,,,
1137,1137,1,0,0
,,,,
1437,1345,4,0.07,0
,,,,
1837,1837,1,0,0
,,,,
449,449,1,0,0
,,,,
157,157,1,0,0
,,,,
580,580,1,0,0
,,,,
1447,1447,1,0,0
,,,,
1748,1748,1,0,0
,,,,
860,860,1,0,0
,,,,
585,585,1,0,0
,,,,
759,759,1,0,0
,,,,
1168,974,8,0.2,0
,,,,
1408,1419,27,0.01,0
,,,,
1632,1632,1,0,0
,,,,
464,464,1,0,0
,,,,
534,534,1,0,0
,,,,
1602,1602,1,0,0
,,,,
17154,17154,1,0,0
,,,,
1266,1266,1,0,0
,,,,
1786,1694,2,0.05,0
,,,,
2273,2273,3,0,0
,,,,
949,2219,2,0.57,0
,,,,
1799,1764,7,0.02,0
,,,,
969,1046,2,0.07,0
,,,,
1301,2084,2,0.38,0
,,,,
2271,3338,4,0.32,0
,,,,
843,861,4,0.02,0
,,,,
1739,1764,7,0.01,0
,,,,
1201,952,2,0.26,1
,,,,
1841,1764,7,0.04,0
,,,,
1182,989,3,0.2,0
,,,,
1098,993,13,0.11,0
,,,,
1628,1628,19,0,0
,,,,
1051,1056,2,0,0
,,,,
1401,1401,1,0,0
,,,,
816,824,14,0.01,0
,,,,
385,385,1,0,0
,,,,
408,408,1,0,0
,,,,
169,169,1,0,0
,,,,
219,219,1,0,0
,,,,
284,284,1,0,0
,,,,
562,562,1,0,0
,,,,
756,756,1,0,0
,,,,
653,653,1,0,0
,,,,
915,915,1,0,0
,,,,
1163,1163,1,0,0
,,,,
6355,6355,1,0,0
,,,,
4819,4819,1,0,0
,,,,
4542,4542,1,0,0
,,,,
8362,8362,1,0,0
,,,,
1405,1405,1,0,0
,,,,
13772,13772,1,0,0
,,,,
3310,3310,1,0,0
,,,,
3818,3818,1,0,0
,,,,
5612,5612,1,0,0
,,,,
57133,57133,1,0,0
,,,,
99665,99665,1,0,0
,,,,
530,530,1,0,0
,,,,
540,540,1,0,0
,,,,
-10235,-10235,1,0,0
,,,,
833,729,2,0.14,0
,,,,
1263,1256,3,0.01,0
,,,,
804,808,2,0,0
,,,,
1333,1268,2,0.05,0
,,,,
5150,5150,1,0,0
,,,,
9695,2128,4,3.56,0
,,,,
1607,703,4,1.29,1
,,,,
1681,784,4,1.14,0
,,,,
2715,2273,3,0.19,0
,,,,
712,703,4,0.01,0
,,,,
781,784,4,0,0
,,,,
1267,2273,3,0.44,0
,,,,
3489,2219,2,0.57,1
,,,,
4262,1764,7,1.42,0
,,,,
879,861,4,0.02,0
,,,,
1764,1764,7,0,0
,,,,
1123,1046,2,0.07,0
,,,,
2868,2084,2,0.38,0
,,,,
5880,3338,4,0.76,0
,,,,
580,728,6,0.2,0
,,,,
735,1512,4,0.51,0
,,,,
1041,3338,4,0.69,0
,,,,
782,861,4,0.09,0
,,,,
952,952,1,0,0
,,,,
1252,1764,7,0.29,0
,,,,
883,904,4,0.02,0
,,,,
985,989,3,0,0
,,,,
2329,2846,2,0.18,0
,,,,
981,993,13,0.01,0
,,,,
978,993,13,0.02,0
,,,,
1275,1628,19,0.22,0
,,,,
1443,993,13,0.45,1
,,,,
2951,1628,19,0.81,0
,,,,
1042,1088,4,0.04,0
,,,,
1377,1628,19,0.15,0
,,,,
968,993,13,0.03,0
,,,,
1148,1628,19,0.29,0
,,,,
1300,993,13,0.31,0
,,,,
1594,1628,19,0.02,0
,,,,
993,993,13,0,0
,,,,
1294,1628,19,0.21,0
,,,,
1039,1008,6,0.03,1
,,,,
2043,1628,19,0.25,1
,,,,
1101,1140,2,0.03,0
,,,,
1992,2141,23,0.07,0
,,,,
1150,1039,7,0.11,0
,,,,
1907,2141,23,0.11,0
,,,,
1145,1112,6,0.03,0
,,,,
2415,2141,23,0.13,0
,,,,
1431,1075,3,0.33,0
,,,,
3352,2141,23,0.57,1
,,,,
972,1106,10,0.12,0
,,,,
1553,2141,23,0.27,0
,,,,
1646,1039,7,0.58,0
,,,,
2737,2141,23,0.28,0
,,,,
1079,1112,6,0.03,1
,,,,
2140,2141,23,0,0
,,,,
1197,1058,5,0.13,0
,,,,
2549,2670,5,0.05,0
,,,,
1063,1106,10,0.04,0
,,,,
2290,2141,23,0.07,1
,,,,
917,1039,7,0.12,0
,,,,
2050,2141,23,0.04,0
,,,,
1189,1085,3,0.1,0
,,,,
1950,1957,5,0,0
,,,,
1158,1186,4,0.02,0
,,,,
2011,1957,5,0.03,0
,,,,
1260,1068,19,0.18,0
,,,,
2525,2108,23,0.2,0
,,,,
1184,1064,12,0.11,1
,,,,
2614,2108,23,0.24,1
,,,,
1068,1068,19,0,0
,,,,
1352,2108,23,0.36,0
,,,,
2299,2378,14,0.03,0
,,,,
1070,1068,19,0,0
,,,,
1557,2108,23,0.26,0
,,,,
1203,1187,3,0.01,0
,,,,
2434,2108,23,0.15,0
,,,,
1068,1068,19,0,0
,,,,
1582,2108,23,0.25,0
,,,,
1058,1068,19,0.01,0
,,,,
2239,2108,23,0.06,0
,,,,
1261,1068,19,0.18,0
,,,,
3391,2108,23,0.61,0
,,,,
833,1064,12,0.22,0
,,,,
1577,1506,13,0.05,0
,,,,
2393,2378,14,0.01,0
,,,,
946,946,4,0,0
,,,,
1505,1506,13,0,0
,,,,
1664,2378,14,0.3,0
,,,,
974,1064,12,0.08,0
,,,,
1760,2108,23,0.17,0
,,,,
1063,1068,19,0,0
,,,,
1877,2108,23,0.11,0
,,,,
996,996,21,0,0
,,,,
1266,1266,1,0,0
,,,,
957,1008,5,0.05,0
,,,,
1508,1538,2,0.02,0
,,,,
1008,1008,5,0,0
,,,,
1361,1419,27,0.04,0
,,,,
1004,996,21,0.01,0
,,,,
1455,1419,27,0.03,0
,,,,
1839,1796,13,0.02,0
,,,,
1066,974,8,0.09,0
,,,,
1735,1419,27,0.22,0
,,,,
1142,1102,2,0.04,0
,,,,
1146,1205,2,0.05,0
,,,,
1398,1408,2,0.01,0
,,,,
1498,1561,2,0.04,0
,,,,
3163,3163,3,0,0
,,,,
3555,3555,3,0,0
,,,,
1142,996,21,0.15,0
,,,,
1398,1419,27,0.01,0
,,,,
3163,1796,13,0.76,0
,,,,
986,1034,2,0.05,0
,,,,
1451,1362,5,0.07,0
,,,,
1791,1796,13,0,0
,,,,
3261,3261,1,0,0
,,,,
993,993,1,0,0
,,,,
1343,1343,1,0,0
,,,,
1643,1643,1,0,0
,,,,
3008,3008,1,0,0
,,,,
952,1150,2,0.17,1
,,,,
1335,1419,27,0.06,0
,,,,
1780,1796,13,0.01,0
,,,,
907,907,3,0,0
,,,,
1507,1284,6,0.17,0
,,,,
1639,1818,6,0.1,0
,,,,
992,996,21,0,0
,,,,
1617,1419,27,0.14,0
,,,,
1978,1796,13,0.1,0
,,,,
814,824,14,0.01,0
,,,,
1559,1533,15,0.02,0
,,,,
644,824,14,0.22,0
,,,,
1699,1533,15,0.11,0
,,,,
960,960,1,0,0
,,,,
1401,1401,1,0,0
,,,,
2713,2730,4,0.01,0
,,,,
3055,3055,1,0,0
,,,,
821,824,14,0,0
,,,,
1161,1533,15,0.24,0
,,,,
920,965,3,0.05,0
,,,,
1861,1533,15,0.21,0
,,,,
1002,1002,1,0,0
,,,,
1004,1004,1,0,0
,,,,
1548,1548,1,0,0
,,,,
1558,1558,1,0,0
,,,,
2733,2733,1,0,0
,,,,
2743,2743,1,0,0
,,,,
1000,824,14,0.21,0
,,,,
1548,1533,15,0.01,0
,,,,
2733,2730,4,0,0
,,,,
947,947,1,0,0
,,,,
1692,1674,5,0.01,0
,,,,
813,813,1,0,0
,,,,
1120,1281,2,0.13,0
,,,,
622,772,2,0.19,0
,,,,
1137,1345,4,0.15,0
,,,,
215,188,2,0.14,1
,,,,
73,76,2,-0.04,1
,,,,
105,105,1,0,1
,,,,
694,694,1,0,1
,,,,
890,890,1,0,1
,,,,
1330,1330,1,0,1
,,,,
890,890,1,0,1
,,,,
1330,1330,1,0,1
,,,,
754,754,1,0,1
,,,,
269,269,1,0,1
,,,,
260,260,1,0,1
,,,,
460,460,1,0,1
,,,,
639,639,3,0,1
,,,,
80,80,1,0,1
,,,,
408,408,1,0,1
,,,,
390,371,2,0.05,1
,,,,
435,751,2,-0.42,1
,,,,
816,816,1,0,1
,,,,
220,220,1,0,1
,,,,
267,267,1,0,1
,,,,
452,451,2,0,1
,,,,
527,513,2,0.03,1
,,,,
132,147,2,-0.1,1
,,,,
281,281,1,0,1
,,,,
260,260,1,0,1
,,,,
281,281,1,0,1
,,,,
260,260,1,0,1
,,,,
975,975,1,0,1
,,,,
288,288,1,0,1
,,,,
2156,2156,1,0,1
,,,,
2156,2156,1,0,1
,,,,
3714,3714,1,0,1
,,,,
2156,2156,1,0,1
,,,,
2156,2156,1,0,1
,,,,
3714,3714,1,0,1
,,,,
2156,2156,1,0,1
,,,,
2156,2156,1,0,1
,,,,
3714,3714,1,0,1
,,,,
4501,4501,1,0,1
,,,,
4501,4501,1,0,1
,,,,
4501,4501,1,0,1
,,,,
4501,4501,1,0,1
,,,,
27067,176,3,152.79,1
,,,,
4049,4049,1,0,1
,,,,
4260,4260,1,0,1
,,,,
4071,4071,1,0,1
,,,,
4071,4071,1,0,1
,,,,
4071,4071,1,0,1
,,,,
4838,4838,1,0,1
,,,,
4838,4838,1,0,1
,,,,
4049,4049,1,0,1
,,,,
4260,4260,1,0,1
,,,,
4071,4071,1,0,1
,,,,
4071,4071,1,0,1
,,,,
4071,4071,1,0,1
,,,,
4838,4838,1,0,1
,,,,
4838,4838,1,0,1
,,,,
4049,4049,1,0,1
,,,,
4260,4260,1,0,1
,,,,
4071,4071,1,0,1
,,,,
4071,4071,1,0,1
,,,,
4071,4071,1,0,1
,,,,
4838,4838,1,0,1
,,,,
4838,4838,1,0,1
,,,,
4049,4049,1,0,1
,,,,
4260,4260,1,0,1
,,,,
4071,4071,1,0,1
,,,,
4071,4071,1,0,1
,,,,
4071,4071,1,0,1
,,,,
4838,4838,1,0,1
,,,,
4838,4838,1,0,1
,,,,
4049,4049,1,0,1
,,,,
4260,4260,1,0,1
,,,,
4071,4071,1,0,1
,,,,
4071,4071,1,0,1
,,,,
4071,4071,1,0,1
,,,,
4838,4838,1,0,1
,,,,
4838,4838,1,0,1
,,,,
4049,4049,1,0,1
,,,,
4260,4260,1,0,1
,,,,
4071,4071,1,0,1
,,,,
4071,4071,1,0,1
,,,,
4071,4071,1,0,1
,,,,
4838,4838,1,0,1
,,,,
4838,4838,1,0,1
,,,,
4049,4049,1,0,1
,,,,
4260,4260,1,0,1
,,,,
4071,4071,1,0,1
,,,,
4071,4071,1,0,1
,,,,
4071,4071,1,0,1
,,,,
4838,4838,1,0,1
,,,,
4838,4838,1,0,1
,,,,
84980,84980,1,0,1
,,,,
99657,99647,3,0,1
,,,,
99647,75271,2,0.32,1
,,,,
99657,99647,3,0,1
,,,,
99647,75271,2,0.32,1
,,,,
121,121,1,0,1
,,,,
135,154,30,-0.12,1
,,,,
1060,1547,17,-0.31,1
,,,,
744,713,4,0.04,1
,,,,
542,473,3,0.15,1
,,,,
542,473,3,0.15,1
,,,,
542,473,3,0.15,1
,,,,
542,473,3,0.15,1
,,,,
569,569,1,0,1
,,,,
569,569,1,0,1
,,,,
569,569,1,0,1
,,,,
569,569,1,0,1
,,,,
9843,9843,1,0,1
,,,,
73265,73265,1,0,1
,,,,
99753,99753,1,0,1
,,,,
99753,99753,1,0,1
,,,,
99753,99753,1,0,1
,,,,
99753,99753,1,0,1
,,,,
99753,99753,1,0,1
,,,,
99753,99753,1,0,1
,,,,
79619,79619,1,0,1
,,,,
79619,79619,1,0,1
,,,,
79619,79619,1,0,1
,,,,
79619,79619,1,0,1
,,,,
79619,79619,1,0,1
,,,,
79619,79619,1,0,1
,,,,
79619,79619,1,0,1
,,,,
79619,79619,1,0,1
,,,,
79619,79619,1,0,1
,,,,
1166,1166,1,0,1
,,,,
1166,1166,1,0,1
,,,,
1166,1166,1,0,1
,,,,
4108,4108,1,0,1
,,,,
1166,1166,1,0,1
,,,,
1166,1166,1,0,1
,,,,
1166,1166,1,0,1
,,,,
4108,4108,1,0,1
,,,,
1166,1166,1,0,1
,,,,
1166,1166,1,0,1
,,,,
1166,1166,1,0,1
,,,,
4108,4108,1,0,1
,,,,
1166,1166,1,0,1
,,,,
1166,1166,1,0,1
,,,,
1166,1166,1,0,1
,,,,
4108,4108,1,0,1
,,,,
338,363,43,-0.07,1
,,,,
354,395,29,-0.1,1
,,,,
274,280,6,-0.02,1
,,,,
544,284,6,0.92,1
,,,,
274,280,6,-0.02,1
,,,,
544,284,6,0.92,1
,,,,
365,328,4,0.11,1
,,,,
1135,1135,1,0,1
,,,,
1508,1465,9,0.03,1
,,,,
347,348,43,0,1
,,,,
401,343,17,0.17,1
,,,,
390,297,31,0.31,1
,,,,
401,343,17,0.17,1
,,,,
390,297,31,0.31,1
,,,,
781,780,17,0,1
,,,,
1262,1102,15,0.15,1
,,,,
2262,2262,27,0,1
,,,,
181,172,8,0.05,1
,,,,
377,377,1,0,1
,,,,
3616,2886,4,0.25,1
,,,,
595,516,23,0.15,1
,,,,
548,472,19,0.16,1
,,,,
500,487,30,0.03,1
,,,,
523,486,35,0.08,1
,,,,
523,486,35,0.08,1
,,,,
595,516,23,0.15,1
,,,,
548,472,19,0.16,1
,,,,
500,487,30,0.03,1
,,,,
523,486,35,0.08,1
,,,,
523,486,35,0.08,1
,,,,
595,516,23,0.15,1
,,,,
548,472,19,0.16,1
,,,,
500,487,30,0.03,1
,,,,
523,486,35,0.08,1
,,,,
523,486,35,0.08,1
,,,,
595,516,23,0.15,1
,,,,
548,472,19,0.16,1
,,,,
500,487,30,0.03,1
,,,,
523,486,35,0.08,1
,,,,
523,486,35,0.08,1
,,,,
595,516,23,0.15,1
,,,,
548,472,19,0.16,1
,,,,
500,487,30,0.03,1
,,,,
523,486,35,0.08,1
,,,,
523,486,35,0.08,1
,,,,
802,512,26,0.57,1
,,,,
802,512,26,0.57,1
,,,,
529,473,17,0.12,1
,,,,
614,448,40,0.37,1
,,,,
434,416,34,0.04,1
,,,,
802,512,26,0.57,1
,,,,
802,512,26,0.57,1
,,,,
529,473,17,0.12,1
,,,,
614,448,40,0.37,1
,,,,
434,416,34,0.04,1
,,,,
802,512,26,0.57,1
,,,,
802,512,26,0.57,1
,,,,
529,473,17,0.12,1
,,,,
614,448,40,0.37,1
,,,,
434,416,34,0.04,1
,,,,
802,512,26,0.57,1
,,,,
802,512,26,0.57,1
,,,,
529,473,17,0.12,1
,,,,
614,448,40,0.37,1
,,,,
434,416,34,0.04,1
,,,,
802,512,26,0.57,1
,,,,
802,512,26,0.57,1
,,,,
529,473,17,0.12,1
,,,,
614,448,40,0.37,1
,,,,
434,416,34,0.04,1
,,,,
298,298,1,0,1
,,,,
178,178,1,0,1
,,,,
298,298,1,0,1
,,,,
178,178,1,0,1
,,,,
298,298,1,0,1
,,,,
178,178,1,0,1
,,,,
1122,1362,2,-0.18,1
,,,,
1122,1362,2,-0.18,1
,,,,
1122,1362,2,-0.18,1
,,,,
1122,1362,2,-0.18,1
,,,,
1207,1229,4,-0.02,1
,,,,
1082,1184,4,-0.09,1
,,,,
888,1171,4,-0.24,1
,,,,
1207,1229,4,-0.02,1
,,,,
1082,1184,4,-0.09,1
,,,,
888,1171,4,-0.24,1
,,,,
1207,1229,4,-0.02,1
,,,,
1082,1184,4,-0.09,1
,,,,
888,1171,4,-0.24,1
,,,,
266,245,4,0.09,1
,,,,
909,838,26,0.08,1
,,,,
680,813,27,-0.16,1
,,,,
909,838,26,0.08,1
,,,,
680,813,27,-0.16,1
,,,,
451,435,49,0.04,1
,,,,
357,351,43,0.02,1
,,,,
451,435,49,0.04,1
,,,,
357,351,43,0.02,1
,,,,
405,432,48,-0.06,1
,,,,
383,393,45,-0.03,1
,,,,
392,369,43,0.06,1
,,,,
391,337,39,0.16,1
,,,,
383,393,45,-0.03,1
,,,,
392,369,43,0.06,1
,,,,
391,337,39,0.16,1
,,,,
383,393,45,-0.03,1
,,,,
392,369,43,0.06,1
,,,,
391,337,39,0.16,1
,,,,
896,843,2,0.06,1
,,,,
896,843,2,0.06,1
,,,,
896,843,2,0.06,1
,,,,
896,843,2,0.06,1
,,,,
1196,1071,2,0.12,1
,,,,
1454,1304,10,0.12,1
,,,,
3052,2892,12,0.06,1
,,,,
354,338,39,0.05,1
,,,,
899,957,4,-0.06,1
,,,,
1506,1408,9,0.07,1
,,,,
1721,1777,13,-0.03,1
,,,,
3181,3181,1,0,1
,,,,
495,367,42,0.35,1
,,,,
409,350,43,0.17,1
,,,,
495,367,42,0.35,1
,,,,
409,350,43,0.17,1
,,,,
167,290,30,-0.42,1
,,,,
875,861,12,0.02,1
,,,,
73,73,1,0,1
,,,,
77,77,1,0,1
,,,,
93,93,1,0,1
,,,,
225,265,14,-0.15,1
,,,,
478,478,1,0,1
,,,,
2527,2527,1,0,1
,,,,
2527,2527,1,0,1
,,,,
2998,1612,3,0.86,1
,,,,
2591,1679,3,0.54,1
,,,,
2527,2527,1,0,1
,,,,
2527,2527,1,0,1
,,,,
2998,1612,3,0.86,1
,,,,
2591,1679,3,0.54,1
,,,,
2527,2527,1,0,1
,,,,
2527,2527,1,0,1
,,,,
2998,1612,3,0.86,1
,,,,
2591,1679,3,0.54,1
,,,,
2527,2527,1,0,1
,,,,
2527,2527,1,0,1
,,,,
2998,1612,3,0.86,1
,,,,
2591,1679,3,0.54,1
,,,,
363,351,8,0.03,1
,,,,
352,332,8,0.06,1
,,,,
363,351,8,0.03,1
,,,,
352,332,8,0.06,1
,,,,
245,299,7,-0.18,1
,,,,
1080,689,5,0.57,1
,,,,
1538,1908,5,-0.19,1
,,,,
1538,1908,5,-0.19,1
,,,,
1538,1908,5,-0.19,1
,,,,
1538,1908,5,-0.19,1
,,,,
1372,1372,3,0,1
,,,,
1372,1372,3,0,1
,,,,
1372,1372,3,0,1
,,,,
1372,1372,3,0,1
,,,,
548,548,1,0,1
,,,,
3590,3590,1,0,1
,,,,
3818,1623,6,1.35,1
,,,,
334,372,19,-0.1,1
,,,,
615,393,14,0.56,1
,,,,
618,370,30,0.67,1
,,,,
334,372,19,-0.1,1
,,,,
615,393,14,0.56,1
,,,,
618,370,30,0.67,1
,,,,
334,372,19,-0.1,1
,,,,
615,393,14,0.56,1
,,,,
618,370,30,0.67,1
,,,,
1214,1214,1,0,1
,,,,
314,314,1,0,1
,,,,
387,388,21,0,1
,,,,
591,681,24,-0.13,1
,,,,
1033,1044,8,-0.01,1
,,,,
1196,1021,14,0.17,1
,,,,
1033,1044,8,-0.01,1
,,,,
1196,1021,14,0.17,1
,,,,
652,677,24,-0.04,1
,,,,
644,516,23,0.25,1
,,,,
577,479,27,0.2,1
,,,,
418,368,9,0.14,1
,,,,
644,516,23,0.25,1
,,,,
577,479,27,0.2,1
,,,,
418,368,9,0.14,1
,,,,
644,516,23,0.25,1
,,,,
577,479,27,0.2,1
,,,,
418,368,9,0.14,1
,,,,
781,800,2,-0.02,1
,,,,
1307,753,3,0.74,1
,,,,
1156,837,3,0.38,1
,,,,
904,839,5,0.08,1
,,,,
781,800,2,-0.02,1
,,,,
1307,753,3,0.74,1
,,,,
1156,837,3,0.38,1
,,,,
904,839,5,0.08,1
,,,,
781,800,2,-0.02,1
,,,,
1307,753,3,0.74,1
,,,,
1156,837,3,0.38,1
,,,,
904,839,5,0.08,1
,,,,
781,800,2,-0.02,1
,,,,
1307,753,3,0.74,1
,,,,
1156,837,3,0.38,1
,,,,
904,839,5,0.08,1
,,,,
607,511,22,0.19,1
,,,,
521,487,29,0.07,1
,,,,
526,491,31,0.07,1
,,,,
493,484,35,0.02,1
,,,,
607,511,22,0.19,1
,,,,
521,487,29,0.07,1
,,,,
526,491,31,0.07,1
,,,,
493,484,35,0.02,1
,,,,
607,511,22,0.19,1
,,,,
521,487,29,0.07,1
,,,,
526,491,31,0.07,1
,,,,
493,484,35,0.02,1
,,,,
607,511,22,0.19,1
,,,,
521,487,29,0.07,1
,,,,
526,491,31,0.07,1
,,,,
493,484,35,0.02,1
,,,,
827,827,3,0,1
,,,,
827,827,3,0,1
,,,,
1123,953,3,0.18,1
,,,,
823,823,3,0,1
,,,,
827,827,3,0,1
,,,,
827,827,3,0,1
,,,,
1123,953,3,0.18,1
,,,,
823,823,3,0,1
,,,,
827,827,3,0,1
,,,,
827,827,3,0,1
,,,,
1123,953,3,0.18,1
,,,,
823,823,3,0,1
,,,,
827,827,3,0,1
,,,,
827,827,3,0,1
,,,,
1123,953,3,0.18,1
,,,,
823,823,3,0,1
,,,,
978,1293,4,-0.24,1
,,,,
471,471,38,0,1
,,,,
287,415,34,-0.31,1
,,,,
471,471,38,0,1
,,,,
287,415,34,-0.31,1
,,,,
375,393,45,-0.05,1
,,,,
262,369,43,-0.29,1
,,,,
375,393,45,-0.05,1
,,,,
262,369,43,-0.29,1
,,,,
756,801,25,-0.06,1
,,,,
1507,1547,7,-0.03,1
,,,,
239,239,1,0,1
,,,,
186,186,1,0,1
,,,,
239,239,1,0,1
,,,,
186,186,1,0,1
,,,,
990,990,1,0,1
,,,,
1505,1505,1,0,1
,,,,
1392,1514,2,-0.08,1
,,,,
1505,1505,1,0,1
,,,,
1392,1514,2,-0.08,1
,,,,
349,377,5,-0.07,1
,,,,
341,341,2,0,1
,,,,
341,341,2,0,1
,,,,
265,265,2,0,1
,,,,
259,259,2,0,1
,,,,
341,341,2,0,1
,,,,
341,341,2,0,1
,,,,
265,265,2,0,1
,,,,
259,259,2,0,1
,,,,
341,341,2,0,1
,,,,
341,341,2,0,1
,,,,
265,265,2,0,1
,,,,
259,259,2,0,1
,,,,
341,341,2,0,1
,,,,
341,341,2,0,1
,,,,
265,265,2,0,1
,,,,
259,259,2,0,1
,,,,
371,371,1,0,1
,,,,
3808,3808,1,0,1
,,,,
3964,3964,1,0,1
,,,,
3288,3288,1,0,1
,,,,
3288,3288,1,0,1
,,,,
3808,3808,1,0,1
,,,,
3964,3964,1,0,1
,,,,
3288,3288,1,0,1
,,,,
3288,3288,1,0,1
,,,,
3808,3808,1,0,1
,,,,
3964,3964,1,0,1
,,,,
3288,3288,1,0,1
,,,,
3288,3288,1,0,1
,,,,
3808,3808,1,0,1
,,,,
3964,3964,1,0,1
,,,,
3288,3288,1,0,1
,,,,
3288,3288,1,0,1
,,,,
9445,9445,1,0,1
,,,,
9966,9966,1,0,1
,,,,
750,730,8,0.03,1
,,,,
623,673,8,-0.07,1
,,,,
750,730,8,0.03,1
,,,,
623,673,8,-0.07,1
,,,,
209,209,1,0,1
,,,,
299,416,38,-0.28,1
,,,,
213,228,5,-0.07,1
,,,,
12798,12798,1,0,1
,,,,
2708,2708,1,0,1
,,,,
12471,12471,1,0,1
,,,,
12471,12471,1,0,1
,,,,
10385,10385,1,0,1
,,,,
33254,33254,1,0,1
,,,,
12798,12798,1,0,1
,,,,
2708,2708,1,0,1
,,,,
12471,12471,1,0,1
,,,,
12471,12471,1,0,1
,,,,
10385,10385,1,0,1
,,,,
33254,33254,1,0,1
,,,,
12798,12798,1,0,1
,,,,
2708,2708,1,0,1
,,,,
12471,12471,1,0,1
,,,,
12471,12471,1,0,1
,,,,
10385,10385,1,0,1
,,,,
33254,33254,1,0,1
,,,,
12798,12798,1,0,1
,,,,
2708,2708,1,0,1
,,,,
12471,12471,1,0,1
,,,,
12471,12471,1,0,1
,,,,
10385,10385,1,0,1
,,,,
33254,33254,1,0,1
,,,,
12798,12798,1,0,1
,,,,
2708,2708,1,0,1
,,,,
12471,12471,1,0,1
,,,,
12471,12471,1,0,1
,,,,
10385,10385,1,0,1
,,,,
33254,33254,1,0,1
,,,,
12798,12798,1,0,1
,,,,
2708,2708,1,0,1
,,,,
12471,12471,1,0,1
,,,,
12471,12471,1,0,1
,,,,
10385,10385,1,0,1
,,,,
33254,33254,1,0,1
,,,,
495,363,3,0.36,1
,,,,
450,316,3,0.42,1
,,,,
495,363,3,0.36,1
,,,,
450,316,3,0.42,1
,,,,
730,773,2,-0.06,1
,,,,
989,802,3,0.23,1
,,,,
741,784,4,-0.05,1
,,,,
730,773,2,-0.06,1
,,,,
989,802,3,0.23,1
,,,,
741,784,4,-0.05,1
,,,,
730,773,2,-0.06,1
,,,,
989,802,3,0.23,1
,,,,
741,784,4,-0.05,1
,,,,
343,417,7,-0.18,1
,,,,
618,697,3,-0.11,1
,,,,
783,772,17,0.01,1
,,,,
1018,1072,14,-0.05,1
,,,,
451,471,38,-0.04,1
,,,,
943,870,19,0.08,1
,,,,
338,338,39,0,1
,,,,
341,428,49,-0.2,1
,,,,
442,374,26,0.18,1
,,,,
421,375,29,0.12,1
,,,,
442,374,26,0.18,1
,,,,
421,375,29,0.12,1
,,,,
374,393,16,-0.05,1
,,,,
350,363,43,-0.04,1
,,,,
240,321,39,-0.25,1
,,,,
374,393,16,-0.05,1
,,,,
350,363,43,-0.04,1
,,,,
240,321,39,-0.25,1
,,,,
374,393,16,-0.05,1
,,,,
350,363,43,-0.04,1
,,,,
240,321,39,-0.25,1
,,,,
216,216,1,0,1
,,,,
216,216,1,0,1
,,,,
216,216,1,0,1
,,,,
216,216,1,0,1
,,,,
423,423,1,0,1
,,,,
423,423,1,0,1
,,,,
423,423,1,0,1
,,,,
423,423,1,0,1
,,,,
428,428,1,0,1
,,,,
428,428,1,0,1
,,,,
428,428,1,0,1
,,,,
428,428,1,0,1
,,,,
722,722,1,0,1
,,,,
722,722,1,0,1
,,,,
722,722,1,0,1
,,,,
722,722,1,0,1
,,,,
294,344,16,-0.15,1
,,,,
294,344,16,-0.15,1
,,,,
294,344,16,-0.15,1
,,,,
294,344,16,-0.15,1
,,,,
2204,2204,1,0,1
,,,,
2204,2204,1,0,1
,,,,
2204,2204,1,0,1
,,,,
2204,2204,1,0,1
,,,,
4851,4851,1,0,1
,,,,
7120,7120,1,0,1
,,,,
4851,4851,1,0,1
,,,,
7120,7120,1,0,1
,,,,
420,485,33,-0.13,1
,,,,
729,750,6,-0.03,1
,,,,
976,976,1,0,1
,,,,
976,976,1,0,1
,,,,
976,976,1,0,1
,,,,
976,976,1,0,1
,,,,
6169,6169,1,0,1
,,,,
13571,20693,2,-0.34,1
,,,,
13571,20693,2,-0.34,1
,,,,
99670,99670,1,0,1
,,,,
230,230,2,0,1
,,,,
225,225,2,0,1
,,,,
230,230,2,0,1
,,,,
225,225,2,0,1
,,,,
350,350,2,0,1
,,,,
353,353,1,0,1
,,,,
300,300,1,0,1
,,,,
348,348,2,0,1
,,,,
350,350,2,0,1
,,,,
353,353,1,0,1
,,,,
300,300,1,0,1
,,,,
348,348,2,0,1
,,,,
350,350,2,0,1
,,,,
353,353,1,0,1
,,,,
300,300,1,0,1
,,,,
348,348,2,0,1
,,,,
350,350,2,0,1
,,,,
353,353,1,0,1
,,,,
300,300,1,0,1
,,,,
348,348,2,0,1
,,,,
2902,2902,1,0,1
,,,,
82098,82098,1,0,1
,,,,
82098,82098,1,0,1
,,,,
82098,82098,1,0,1
,,,,
2088,2088,3,0,1
,,,,
17680,17680,1,0,1
,,,,
40838,40838,1,0,1
,,,,
40838,40838,1,0,1
,,,,
99733,99733,1,0,1
,,,,
99690,99690,1,0,1
,,,,
99690,99690,1,0,1
,,,,
99674,99674,1,0,1
,,,,
17680,17680,1,0,1
,,,,
40838,40838,1,0,1
,,,,
40838,40838,1,0,1
,,,,
99733,99733,1,0,1
,,,,
99690,99690,1,0,1
,,,,
99690,99690,1,0,1
,,,,
99674,99674,1,0,1
,,,,
17680,17680,1,0,1
,,,,
40838,40838,1,0,1
,,,,
40838,40838,1,0,1
,,,,
99733,99733,1,0,1
,,,,
99690,99690,1,0,1
,,,,
99690,99690,1,0,1
,,,,
99674,99674,1,0,1
,,,,
17680,17680,1,0,1
,,,,
40838,40838,1,0,1
,,,,
40838,40838,1,0,1
,,,,
99733,99733,1,0,1
,,,,
99690,99690,1,0,1
,,,,
99690,99690,1,0,1
,,,,
99674,99674,1,0,1
,,,,
17680,17680,1,0,1
,,,,
40838,40838,1,0,1
,,,,
40838,40838,1,0,1
,,,,
99733,99733,1,0,1
,,,,
99690,99690,1,0,1
,,,,
99690,99690,1,0,1
,,,,
99674,99674,1,0,1
,,,,
17680,17680,1,0,1
,,,,
40838,40838,1,0,1
,,,,
40838,40838,1,0,1
,,,,
99733,99733,1,0,1
,,,,
99690,99690,1,0,1
,,,,
99690,99690,1,0,1
,,,,
99674,99674,1,0,1
,,,,
17680,17680,1,0,1
,,,,
40838,40838,1,0,1
,,,,
40838,40838,1,0,1
,,,,
99733,99733,1,0,1
,,,,
99690,99690,1,0,1
,,,,
99690,99690,1,0,1
,,,,
99674,99674,1,0,1
,,,,
17680,17680,1,0,1
,,,,
40838,40838,1,0,1
,,,,
40838,40838,1,0,1
,,,,
99733,99733,1,0,1
,,,,
99690,99690,1,0,1
,,,,
99690,99690,1,0,1
,,,,
99674,99674,1,0,1
,,,,
352,352,1,0,1
,,,,
352,352,1,0,1
,,,,
547,547,1,0,1
,,,,
547,547,1,0,1
,,,,
547,547,1,0,1
,,,,
547,547,1,0,1
,,,,
613,613,1,0,1
,,,,
340,341,3,0,1
,,,,
758,751,2,0.01,1
,,,,
306,522,2,-0.41,1
,,,,
758,751,2,0.01,1
,,,,
306,522,2,-0.41,1
,,,,
454,390,2,0.16,1
,,,,
454,390,2,0.16,1
,,,,
454,390,2,0.16,1
,,,,
454,390,2,0.16,1
,,,,
454,390,2,0.16,1
,,,,
454,390,2,0.16,1
,,,,
598,676,2,-0.12,1
,,,,
1870,1618,6,0.16,1
,,,,
397,432,48,-0.08,1
,,,,
340,338,39,0.01,1
,,,,
397,432,48,-0.08,1
,,,,
340,338,39,0.01,1
,,,,
824,826,10,0,1
,,,,
682,738,7,-0.08,1
,,,,
655,673,8,-0.03,1
,,,,
682,738,7,-0.08,1
,,,,
655,673,8,-0.03,1
,,,,
165,155,3,0.06,1
,,,,
807,807,1,0,1
,,,,
807,807,1,0,1
,,,,
807,807,1,0,1
,,,,
807,807,1,0,1
,,,,
157,157,1,0,1
,,,,
8401,8401,1,0,1
,,,,
8965,54296,2,-0.83,1
,,,,
8401,8401,1,0,1
,,,,
8965,54296,2,-0.83,1
,,,,
6664,6664,1,0,1
,,,,
6682,6682,1,0,1
,,,,
6664,6664,1,0,1
,,,,
6682,6682,1,0,1
,,,,
957,957,1,0,1
,,,,
196,196,1,0,1
,,,,
196,196,1,0,1
,,,,
196,196,1,0,1
,,,,
196,196,1,0,1
,,,,
364,364,1,0,1
,,,,
872,872,1,0,1
,,,,
872,872,1,0,1
,,,,
1042,1042,1,0,1
,,,,
1042,1042,1,0,1
,,,,
872,872,1,0,1
,,,,
872,872,1,0,1
,,,,
1042,1042,1,0,1
,,,,
1042,1042,1,0,1
,,,,
872,872,1,0,1
,,,,
872,872,1,0,1
,,,,
1042,1042,1,0,1
,,,,
1042,1042,1,0,1
,,,,
872,872,1,0,1
,,,,
872,872,1,0,1
,,,,
1042,1042,1,0,1
,,,,
1042,1042,1,0,1
,,,,
590,590,5,0,1
,,,,
430,430,1,0,1
,,,,
431,431,1,0,1
,,,,
839,672,17,0.25,1
,,,,
1154,656,22,0.76,1
,,,,
839,672,17,0.25,1
,,,,
1154,656,22,0.76,1
,,,,
2694,3950,2,-0.32,1
,,,,
7935,6368,2,0.25,1
,,,,
9753,21131,2,-0.54,1
,,,,
9753,21131,2,-0.54,1
,,,,
7935,6368,2,0.25,1
,,,,
9753,21131,2,-0.54,1
,,,,
9753,21131,2,-0.54,1
,,,,
7935,6368,2,0.25,1
,,,,
9753,21131,2,-0.54,1
,,,,
9753,21131,2,-0.54,1
,,,,
11917,9436,2,0.26,1
,,,,
20758,15911,2,0.3,1
,,,,
20758,15911,2,0.3,1
,,,,
12085,12524,2,-0.04,1
,,,,
11917,9436,2,0.26,1
,,,,
20758,15911,2,0.3,1
,,,,
20758,15911,2,0.3,1
,,,,
12085,12524,2,-0.04,1
,,,,
11917,9436,2,0.26,1
,,,,
20758,15911,2,0.3,1
,,,,
20758,15911,2,0.3,1
,,,,
12085,12524,2,-0.04,1
,,,,
11917,9436,2,0.26,1
,,,,
20758,15911,2,0.3,1
,,,,
20758,15911,2,0.3,1
,,,,
12085,12524,2,-0.04,1
,,,,
2306,2306,1,0,1
,,,,
2306,2306,1,0,1
,,,,
2306,2306,1,0,1
,,,,
2306,2306,1,0,1
,,,,
392,393,2,0,1
,,,,
178,217,2,-0.18,1
,,,,
959,833,9,0.15,1
,,,,
976,778,9,0.25,1
,,,,
959,833,9,0.15,1
,,,,
976,778,9,0.25,1
,,,,
1203,1150,10,0.05,1
,,,,
2345,2186,18,0.07,1
,,,,
233,186,50,0.25,1
,,,,
485,428,49,0.13,1
,,,,
407,407,46,0,1
,,,,
376,369,43,0.02,1
,,,,
322,337,39,-0.04,1
,,,,
485,428,49,0.13,1
,,,,
407,407,46,0,1
,,,,
376,369,43,0.02,1
,,,,
322,337,39,-0.04,1
,,,,
485,428,49,0.13,1
,,,,
407,407,46,0,1
,,,,
376,369,43,0.02,1
,,,,
322,337,39,-0.04,1
,,,,
485,428,49,0.13,1
,,,,
407,407,46,0,1
,,,,
376,369,43,0.02,1
,,,,
322,337,39,-0.04,1
,,,,
434,418,36,0.04,1
,,,,
792,792,16,0,1
,,,,
1382,1506,4,-0.08,1
,,,,
198,343,39,-0.42,1
,,,,
392,341,39,0.15,1
,,,,
198,343,39,-0.42,1
,,,,
392,341,39,0.15,1
,,,,
493,488,30,0.01,1
,,,,
401,404,7,-0.01,1
,,,,
493,488,30,0.01,1
,,,,
401,404,7,-0.01,1
,,,,
870,723,3,0.2,1
,,,,
625,466,36,0.34,1
,,,,
869,465,38,0.87,1
,,,,
707,451,40,0.57,1
,,,,
625,466,36,0.34,1
,,,,
869,465,38,0.87,1
,,,,
707,451,40,0.57,1
,,,,
625,466,36,0.34,1
,,,,
869,465,38,0.87,1
,,,,
707,451,40,0.57,1
,,,,
1095,982,2,0.12,1
,,,,
1157,851,3,0.36,1
,,,,
1095,982,2,0.12,1
,,,,
1157,851,3,0.36,1
,,,,
1995,1304,4,0.53,1
,,,,
1995,1304,4,0.53,1
,,,,
194,194,36,0,1
,,,,
426,416,34,0.02,1
,,,,
2070,2155,25,-0.04,1
,,,,
1109,792,12,0.4,1
,,,,
2162,2193,8,-0.01,1
,,,,
304,304,3,0,1
,,,,
304,304,3,0,1
,,,,
304,304,3,0,1
,,,,
304,304,3,0,1
,,,,
49466,49466,1,0,1
,,,,
294,215,2,0.37,1
,,,,
547,547,1,0,1
,,,,
547,547,1,0,1
,,,,
547,547,1,0,1
,,,,
547,547,1,0,1
,,,,
15440,15440,1,0,1
,,,,
372,372,1,0,1
,,,,
181,150,10,0.21,1
,,,,
205,198,4,0.04,1
,,,,
347,354,2,-0.02,1
,,,,
347,354,2,-0.02,1
,,,,
339,349,2,-0.03,1
,,,,
313,340,3,-0.08,1
,,,,
347,354,2,-0.02,1
,,,,
347,354,2,-0.02,1
,,,,
339,349,2,-0.03,1
,,,,
313,340,3,-0.08,1
,,,,
347,354,2,-0.02,1
,,,,
347,354,2,-0.02,1
,,,,
339,349,2,-0.03,1
,,,,
313,340,3,-0.08,1
,,,,
347,354,2,-0.02,1
,,,,
347,354,2,-0.02,1
,,,,
339,349,2,-0.03,1
,,,,
313,340,3,-0.08,1
,,,,
424,424,1,0,1
,,,,
456,456,1,0,1
,,,,
536,536,1,0,1
,,,,
899,979,2,-0.08,1
,,,,
624,837,2,-0.25,1
,,,,
899,979,2,-0.08,1
,,,,
624,837,2,-0.25,1
,,,,
851,1035,9,-0.18,1
,,,,
360,368,46,-0.02,1
,,,,
185,200,2,-0.07,1
,,,,
259,265,14,-0.02,1
,,,,
211,211,1,0,1
,,,,
2627,2627,1,0,1
,,,,
1279,1279,1,0,1
,,,,
310,310,1,0,1
,,,,
689,609,2,0.13,1
,,,,
689,609,2,0.13,1
,,,,
5212,5212,1,0,1
,,,,
4894,15199,2,-0.68,1
,,,,
3083,3083,1,0,1
,,,,
4894,15199,2,-0.68,1
,,,,
3083,3083,1,0,1
,,,,
4894,15199,2,-0.68,1
,,,,
3083,3083,1,0,1
,,,,
3163,3163,1,0,1
,,,,
3655,3655,1,0,1
,,,,
3163,3163,1,0,1
,,,,
3655,3655,1,0,1
,,,,
81705,81705,1,0,1
,,,,
81705,81705,1,0,1
,,,,
7215,7215,1,0,1
,,,,
4661,4661,1,0,1
,,,,
7215,7215,1,0,1
,,,,
4661,4661,1,0,1
,,,,
2390,2325,2,0.03,1
,,,,
760,760,1,0,1
,,,,
1464,1464,1,0,1
,,,,
1464,1464,1,0,1
,,,,
1467,1467,1,0,1
,,,,
1464,1464,1,0,1
,,,,
1464,1464,1,0,1
,,,,
1467,1467,1,0,1
,,,,
1464,1464,1,0,1
,,,,
1464,1464,1,0,1
,,,,
1467,1467,1,0,1
,,,,
559,559,1,0,1
,,,,
156,182,15,-0.14,1
,,,,
377,377,29,0,1
,,,,
1009,1018,10,-0.01,1
,,,,
356,350,18,0.02,1
,,,,
786,786,3,0,1
,,,,
389,387,14,0.01,1
,,,,
315,349,2,-0.1,1
,,,,
389,387,14,0.01,1
,,,,
315,349,2,-0.1,1
,,,,
721,780,17,-0.08,1
,,,,
913,1102,15,-0.17,1
,,,,
2544,2619,5,-0.03,1
,,,,
174,174,32,0,1
,,,,
504,504,2,0,1
,,,,
1130,1093,6,0.03,1
,,,,
1130,1093,6,0.03,1
,,,,
1130,1093,6,0.03,1
,,,,
1130,1093,6,0.03,1
,,,,
1130,1093,6,0.03,1
,,,,
1130,1093,6,0.03,1
,,,,
1130,1093,6,0.03,1
,,,,
1130,1093,6,0.03,1
,,,,
1130,1093,6,0.03,1
,,,,
1681,2276,18,-0.26,1
,,,,
1681,2276,18,-0.26,1
,,,,
1681,2276,18,-0.26,1
,,,,
2026,2238,11,-0.09,1
,,,,
2212,2191,26,0.01,1
,,,,
1681,2276,18,-0.26,1
,,,,
1681,2276,18,-0.26,1
,,,,
1681,2276,18,-0.26,1
,,,,
2026,2238,11,-0.09,1
,,,,
2212,2191,26,0.01,1
,,,,
1681,2276,18,-0.26,1
,,,,
1681,2276,18,-0.26,1
,,,,
1681,2276,18,-0.26,1
,,,,
2026,2238,11,-0.09,1
,,,,
2212,2191,26,0.01,1
,,,,
1681,2276,18,-0.26,1
,,,,
1681,2276,18,-0.26,1
,,,,
1681,2276,18,-0.26,1
,,,,
2026,2238,11,-0.09,1
,,,,
2212,2191,26,0.01,1
,,,,
1681,2276,18,-0.26,1
,,,,
1681,2276,18,-0.26,1
,,,,
1681,2276,18,-0.26,1
,,,,
2026,2238,11,-0.09,1
,,,,
2212,2191,26,0.01,1
,,,,
345,415,34,-0.17,1
,,,,
2847,2847,5,0,1
,,,,
206,206,1,0,1
,,,,
549,473,19,0.16,1
,,,,
513,445,14,0.15,1
,,,,
549,473,19,0.16,1
,,,,
513,445,14,0.15,1
,,,,
417,464,8,-0.1,1
,,,,
360,451,43,-0.2,1
,,,,
352,433,41,-0.19,1
,,,,
417,464,8,-0.1,1
,,,,
360,451,43,-0.2,1
,,,,
352,433,41,-0.19,1
,,,,
417,464,8,-0.1,1
,,,,
360,451,43,-0.2,1
,,,,
352,433,41,-0.19,1
,,,,
739,786,17,-0.06,1
,,,,
1056,1121,5,-0.06,1
,,,,
1288,1127,15,0.14,1
,,,,
900,1090,12,-0.17,1
,,,,
924,1098,11,-0.16,1
,,,,
1056,1121,5,-0.06,1
,,,,
1288,1127,15,0.14,1
,,,,
900,1090,12,-0.17,1
,,,,
924,1098,11,-0.16,1
,,,,
1056,1121,5,-0.06,1
,,,,
1288,1127,15,0.14,1
,,,,
900,1090,12,-0.17,1
,,,,
924,1098,11,-0.16,1
,,,,
1056,1121,5,-0.06,1
,,,,
1288,1127,15,0.14,1
,,,,
900,1090,12,-0.17,1
,,,,
924,1098,11,-0.16,1
,,,,
497,445,48,0.12,1
,,,,
806,826,29,-0.02,1
,,,,
700,826,29,-0.15,1
,,,,
806,826,29,-0.02,1
,,,,
700,826,29,-0.15,1
,,,,
1603,1604,10,0,1
,,,,
1413,1533,16,-0.08,1
,,,,
1603,1604,10,0,1
,,,,
1413,1533,16,-0.08,1
,,,,
4038,3585,2,0.13,1
,,,,
498,464,43,0.07,1
,,,,
351,351,43,0,1
,,,,
498,464,43,0.07,1
,,,,
351,351,43,0,1
,,,,
443,368,43,0.2,1
,,,,
441,359,43,0.23,1
,,,,
348,359,43,-0.03,1
,,,,
443,368,43,0.2,1
,,,,
441,359,43,0.23,1
,,,,
348,359,43,-0.03,1
,,,,
443,368,43,0.2,1
,,,,
441,359,43,0.23,1
,,,,
348,359,43,-0.03,1
,,,,
843,823,29,0.02,1
,,,,
843,823,29,0.02,1
,,,,
843,823,29,0.02,1
,,,,
843,823,29,0.02,1
,,,,
843,823,29,0.02,1
,,,,
843,823,29,0.02,1
,,,,
543,420,49,0.29,1
,,,,
543,420,49,0.29,1
,,,,
492,407,46,0.21,1
,,,,
367,337,39,0.09,1
,,,,
543,420,49,0.29,1
,,,,
543,420,49,0.29,1
,,,,
492,407,46,0.21,1
,,,,
367,337,39,0.09,1
,,,,
543,420,49,0.29,1
,,,,
543,420,49,0.29,1
,,,,
492,407,46,0.21,1
,,,,
367,337,39,0.09,1
,,,,
543,420,49,0.29,1
,,,,
543,420,49,0.29,1
,,,,
492,407,46,0.21,1
,,,,
367,337,39,0.09,1
,,,,
670,791,23,-0.15,1
,,,,
448,448,1,0,1
,,,,
353,353,1,0,1
,,,,
307,307,1,0,1
,,,,
353,353,1,0,1
,,,,
307,307,1,0,1
,,,,
74362,74362,1,0,1
,,,,
74362,74362,1,0,1
,,,,
74362,74362,1,0,1
,,,,
74362,74362,1,0,1
,,,,
6240,3745,2,0.67,1
,,,,
99742,99742,1,0,1
,,,,
342,317,2,0.08,1
,,,,
342,317,2,0.08,1
,,,,
342,317,2,0.08,1
,,,,
342,317,2,0.08,1
,,,,
2811,2811,1,0,1
,,,,
2066,2066,1,0,1
,,,,
2066,2066,1,0,1
,,,,
2811,2811,1,0,1
,,,,
2066,2066,1,0,1
,,,,
2066,2066,1,0,1
,,,,
2811,2811,1,0,1
,,,,
2066,2066,1,0,1
,,,,
2066,2066,1,0,1
,,,,
4836,4836,1,0,1
,,,,
4401,4401,1,0,1
,,,,
3802,3802,1,0,1
,,,,
3802,3802,1,0,1
,,,,
3802,3802,1,0,1
,,,,
3062,3062,1,0,1
,,,,
4836,4836,1,0,1
,,,,
4401,4401,1,0,1
,,,,
3802,3802,1,0,1
,,,,
3802,3802,1,0,1
,,,,
3802,3802,1,0,1
,,,,
3062,3062,1,0,1
,,,,
4836,4836,1,0,1
,,,,
4401,4401,1,0,1
,,,,
3802,3802,1,0,1
,,,,
3802,3802,1,0,1
,,,,
3802,3802,1,0,1
,,,,
3062,3062,1,0,1
,,,,
4836,4836,1,0,1
,,,,
4401,4401,1,0,1
,,,,
3802,3802,1,0,1
,,,,
3802,3802,1,0,1
,,,,
3802,3802,1,0,1
,,,,
3062,3062,1,0,1
,,,,
4836,4836,1,0,1
,,,,
4401,4401,1,0,1
,,,,
3802,3802,1,0,1
,,,,
3802,3802,1,0,1
,,,,
3802,3802,1,0,1
,,,,
3062,3062,1,0,1
,,,,
4836,4836,1,0,1
,,,,
4401,4401,1,0,1
,,,,
3802,3802,1,0,1
,,,,
3802,3802,1,0,1
,,,,
3802,3802,1,0,1
,,,,
3062,3062,1,0,1
,,,,
29156,29156,1,0,1
,,,,
1895,1895,1,0,1
,,,,
29156,29156,1,0,1
,,,,
1895,1895,1,0,1
,,,,
8101,15640,2,-0.48,1
,,,,
8101,8101,1,0,1
,,,,
8101,15640,2,-0.48,1
,,,,
8101,8101,1,0,1
,,,,
788,788,1,0,1
,,,,
370,370,1,0,1
,,,,
370,370,1,0,1
,,,,
370,370,1,0,1
,,,,
370,370,1,0,1
,,,,
5260,52479,2,-0.9,1
,,,,
5260,52479,2,-0.9,1
,,,,
5260,52479,2,-0.9,1
,,,,
5260,52479,2,-0.9,1
,,,,
5260,52479,2,-0.9,1
,,,,
5260,52479,2,-0.9,1
,,,,
1034,1034,1,0,1
,,,,
280,280,1,0,1
,,,,
438,438,1,0,1
,,,,
7704,7704,1,0,1
,,,,
9890,9890,1,0,1
,,,,
14589,14589,1,0,1
,,,,
14589,14589,1,0,1
,,,,
14589,14589,1,0,1
,,,,
7704,7704,1,0,1
,,,,
9890,9890,1,0,1
,,,,
14589,14589,1,0,1
,,,,
14589,14589,1,0,1
,,,,
14589,14589,1,0,1
,,,,
7704,7704,1,0,1
,,,,
9890,9890,1,0,1
,,,,
14589,14589,1,0,1
,,,,
14589,14589,1,0,1
,,,,
14589,14589,1,0,1
,,,,
7704,7704,1,0,1
,,,,
9890,9890,1,0,1
,,,,
14589,14589,1,0,1
,,,,
14589,14589,1,0,1
,,,,
14589,14589,1,0,1
,,,,
7704,7704,1,0,1
,,,,
9890,9890,1,0,1
,,,,
14589,14589,1,0,1
,,,,
14589,14589,1,0,1
,,,,
14589,14589,1,0,1
,,,,
99741,99741,1,0,1
,,,,
99741,99741,1,0,1
,,,,
604,604,1,0,1
,,,,
3123,3123,1,0,1
,,,,
3123,3123,1,0,1
,,,,
2764,2764,1,0,1
,,,,
3123,3123,1,0,1
,,,,
3123,3123,1,0,1
,,,,
2764,2764,1,0,1
,,,,
3123,3123,1,0,1
,,,,
3123,3123,1,0,1
,,,,
2764,2764,1,0,1
,,,,
524,524,1,0,1
,,,,
666,666,1,0,1
,,,,
441,452,2,-0.02,1
,,,,
441,452,2,-0.02,1
,,,,
441,452,2,-0.02,1
,,,,
535,508,2,0.05,1
,,,,
524,524,1,0,1
,,,,
666,666,1,0,1
,,,,
441,452,2,-0.02,1
,,,,
441,452,2,-0.02,1
,,,,
441,452,2,-0.02,1
,,,,
535,508,2,0.05,1
,,,,
524,524,1,0,1
,,,,
666,666,1,0,1
,,,,
441,452,2,-0.02,1
,,,,
441,452,2,-0.02,1
,,,,
441,452,2,-0.02,1
,,,,
535,508,2,0.05,1
,,,,
524,524,1,0,1
,,,,
666,666,1,0,1
,,,,
441,452,2,-0.02,1
,,,,
441,452,2,-0.02,1
,,,,
441,452,2,-0.02,1
,,,,
535,508,2,0.05,1
,,,,
524,524,1,0,1
,,,,
666,666,1,0,1
,,,,
441,452,2,-0.02,1
,,,,
441,452,2,-0.02,1
,,,,
441,452,2,-0.02,1
,,,,
535,508,2,0.05,1
,,,,
524,524,1,0,1
,,,,
666,666,1,0,1
,,,,
441,452,2,-0.02,1
,,,,
441,452,2,-0.02,1
,,,,
441,452,2,-0.02,1
,,,,
535,508,2,0.05,1
,,,,
18646,18646,1,0,1
,,,,
403,403,1,0,1
,,,,
99732,99732,1,0,1
,,,,
99703,99703,1,0,1
,,,,
99682,99682,1,0,1
,,,,
99682,99682,1,0,1
,,,,
99682,99682,1,0,1
,,,,
99675,99675,1,0,1
,,,,
99732,99732,1,0,1
,,,,
99703,99703,1,0,1
,,,,
99682,99682,1,0,1
,,,,
99682,99682,1,0,1
,,,,
99682,99682,1,0,1
,,,,
99675,99675,1,0,1
,,,,
99732,99732,1,0,1
,,,,
99703,99703,1,0,1
,,,,
99682,99682,1,0,1
,,,,
99682,99682,1,0,1
,,,,
99682,99682,1,0,1
,,,,
99675,99675,1,0,1
,,,,
99732,99732,1,0,1
,,,,
99703,99703,1,0,1
,,,,
99682,99682,1,0,1
,,,,
99682,99682,1,0,1
,,,,
99682,99682,1,0,1
,,,,
99675,99675,1,0,1
,,,,
99732,99732,1,0,1
,,,,
99703,99703,1,0,1
,,,,
99682,99682,1,0,1
,,,,
99682,99682,1,0,1
,,,,
99682,99682,1,0,1
,,,,
99675,99675,1,0,1
,,,,
99732,99732,1,0,1
,,,,
99703,99703,1,0,1
,,,,
99682,99682,1,0,1
,,,,
99682,99682,1,0,1
,,,,
99682,99682,1,0,1
,,,,
99675,99675,1,0,1
,,,,
12404,12404,1,0,1
,,,,
949,1067,2,-0.11,1
,,,,
1700,2132,22,-0.2,1
,,,,
3678,3678,1,0,1
,,,,
464,464,14,0,1
,,,,
411,476,10,-0.14,1
,,,,
268,350,41,-0.23,1
,,,,
464,464,14,0,1
,,,,
411,476,10,-0.14,1
,,,,
268,350,41,-0.23,1
,,,,
464,464,14,0,1
,,,,
411,476,10,-0.14,1
,,,,
268,350,41,-0.23,1
,,,,
834,834,2,0,1
,,,,
57,58,9,-0.02,1
,,,,
381,391,29,-0.03,1
,,,,
217,323,27,-0.33,1
,,,,
145,154,30,-0.06,1
,,,,
206,302,31,-0.32,1
,,,,
206,302,31,-0.32,1
,,,,
2345,2345,1,0,1
,,,,
2345,2345,1,0,1
,,,,
2345,2345,1,0,1
,,,,
2345,2345,1,0,1
,,,,
488,568,2,-0.14,1
,,,,
488,568,2,-0.14,1
,,,,
488,568,2,-0.14,1
,,,,
488,568,2,-0.14,1
,,,,
907,907,1,0,1
,,,,
533,533,1,0,1
,,,,
533,533,1,0,1
,,,,
533,533,1,0,1
,,,,
533,533,1,0,1
,,,,
3127,3127,1,0,1
,,,,
2252,2252,1,0,1
,,,,
576,576,1,0,1
,,,,
576,576,1,0,1
,,,,
576,576,1,0,1
,,,,
576,576,1,0,1
,,,,
1128,1128,1,0,1
,,,,
1128,1128,1,0,1
,,,,
1128,1128,1,0,1
,,,,
1128,1128,1,0,1
,,,,
1175,1175,1,0,1
,,,,
1175,1175,1,0,1
,,,,
1409,1409,1,0,1
,,,,
1175,1175,1,0,1
,,,,
1175,1175,1,0,1
,,,,
1409,1409,1,0,1
,,,,
1175,1175,1,0,1
,,,,
1175,1175,1,0,1
,,,,
1409,1409,1,0,1
,,,,
8389,8389,1,0,1
,,,,
8956,7954,2,0.13,1
,,,,
8956,7954,2,0.13,1
,,,,
8956,7954,2,0.13,1
,,,,
8956,7954,2,0.13,1
,,,,
677,677,1,0,1
,,,,
343,343,1,0,1
,,,,
677,677,1,0,1
,,,,
343,343,1,0,1
,,,,
3589,3589,1,0,1
,,,,
516,516,3,0,1
,,,,
597,744,2,-0.2,1
,,,,
516,516,3,0,1
,,,,
597,744,2,-0.2,1
,,,,
732,759,2,-0.04,1
,,,,
418,785,3,-0.47,1
,,,,
732,759,2,-0.04,1
,,,,
418,785,3,-0.47,1
,,,,
1393,1253,3,0.11,1
,,,,
1049,1049,1,0,1
,,,,
762,762,1,0,1
,,,,
1733,1733,1,0,1
,,,,
762,762,1,0,1
,,,,
1733,1733,1,0,1
,,,,
380,462,38,-0.18,1
,,,,
245,434,40,-0.44,1
,,,,
380,462,38,-0.18,1
,,,,
245,434,40,-0.44,1
,,,,
515,416,34,0.24,1
,,,,
791,791,1,0,1
,,,,
180,180,1,0,1
,,,,
386,430,36,-0.1,1
,,,,
158,158,1,0,1
,,,,
158,158,1,0,1
,,,,
178,178,1,0,1
,,,,
158,158,1,0,1
,,,,
158,158,1,0,1
,,,,
178,178,1,0,1
,,,,
158,158,1,0,1
,,,,
158,158,1,0,1
,,,,
178,178,1,0,1
,,,,
273,273,1,0,1
,,,,
1104,1083,21,0.02,1
,,,,
1794,2009,28,-0.11,1
,,,,
1073,791,23,0.36,1
,,,,
140,167,25,-0.16,1
,,,,
256,369,43,-0.31,1
,,,,
251,338,39,-0.26,1
,,,,
256,369,43,-0.31,1
,,,,
251,338,39,-0.26,1
,,,,
826,826,29,0,1
,,,,
501,480,6,0.04,1
,,,,
345,338,39,0.02,1
,,,,
345,338,39,0.02,1
,,,,
501,480,6,0.04,1
,,,,
345,338,39,0.02,1
,,,,
345,338,39,0.02,1
,,,,
501,480,6,0.04,1
,,,,
345,338,39,0.02,1
,,,,
345,338,39,0.02,1
,,,,
955,946,3,0.01,1
,,,,
1317,1395,11,-0.06,1
,,,,
118,153,19,-0.23,1
,,,,
271,315,32,-0.14,1
,,,,
340,363,43,-0.06,1
,,,,
91,91,5,0,1
,,,,
215,194,2,0.11,1
,,,,
247,247,1,0,1
,,,,
154,154,3,0,1
,,,,
535,535,1,0,1
,,,,
535,535,1,0,1
,,,,
535,535,1,0,1
,,,,
535,535,1,0,1
,,,,
287,287,1,0,1
,,,,
936,936,1,0,1
,,,,
1532,1532,1,0,1
,,,,
1137,1137,1,0,1
,,,,
566,250,3,1.26,1
,,,,
666,319,3,1.09,1
,,,,
866,866,1,0,1
,,,,
96,96,1,0,1
,,,,
182,170,17,0.07,1
,,,,
570,377,32,0.51,1
,,,,
457,367,42,0.25,1
,,,,
570,377,32,0.51,1
,,,,
457,367,42,0.25,1
,,,,
181,181,1,0,1
,,,,
181,181,1,0,1
,,,,
181,181,1,0,1
,,,,
181,181,1,0,1
,,,,
231,229,4,0.01,1
,,,,
364,371,6,-0.02,1
,,,,
636,636,1,0,1
,,,,
1243,1243,1,0,1
,,,,
1184,1184,1,0,1
,,,,
1280,1001,2,0.28,1
,,,,
1243,1243,1,0,1
,,,,
1184,1184,1,0,1
,,,,
1280,1001,2,0.28,1
,,,,
1243,1243,1,0,1
,,,,
1184,1184,1,0,1
,,,,
1280,1001,2,0.28,1
,,,,
736,677,24,0.09,1
,,,,
384,277,3,0.39,1
,,,,
102,151,20,-0.32,1
,,,,
119,146,26,-0.18,1
,,,,
62,65,33,-0.05,1
,,,,
116,125,3,-0.07,1
,,,,
116,125,3,-0.07,1
,,,,
250,250,1,0,1
,,,,
369,263,13,0.4,1
,,,,
407,269,14,0.51,1
,,,,
365,265,14,0.38,1
,,,,
369,263,13,0.4,1
,,,,
407,269,14,0.51,1
,,,,
365,265,14,0.38,1
,,,,
369,263,13,0.4,1
,,,,
407,269,14,0.51,1
,,,,
365,265,14,0.38,1
,,,,
281,281,3,0,1
,,,,
283,241,3,0.17,1
,,,,
281,281,3,0,1
,,,,
283,241,3,0.17,1
,,,,
270,270,1,0,1
,,,,
193,162,19,0.19,1
,,,,
212,265,4,-0.2,1
,,,,
190,237,4,-0.2,1
,,,,
212,265,4,-0.2,1
,,,,
190,237,4,-0.2,1
,,,,
1641,2088,9,-0.21,1
,,,,
1993,2078,11,-0.04,1
,,,,
1641,2088,9,-0.21,1
,,,,
1993,2078,11,-0.04,1
,,,,
2506,2193,8,0.14,1
,,,,
2801,2155,25,0.3,1
,,,,
2506,2193,8,0.14,1
,,,,
2801,2155,25,0.3,1
,,,,
648,435,6,0.49,1
,,,,
480,351,8,0.37,1
,,,,
648,435,6,0.49,1
,,,,
480,351,8,0.37,1
,,,,
520,320,3,0.62,1
,,,,
487,324,4,0.5,1
,,,,
520,320,3,0.62,1
,,,,
487,324,4,0.5,1
,,,,
542,519,2,0.04,1
,,,,
446,300,5,0.49,1
,,,,
542,519,2,0.04,1
,,,,
446,300,5,0.49,1
,,,,
894,752,3,0.19,1
,,,,
319,319,3,0,1
,,,,
638,673,4,-0.05,1
,,,,
133,129,19,0.03,1
,,,,
766,672,17,0.14,1
,,,,
490,471,38,0.04,1
,,,,
1107,1107,5,0,1
,,,,
2204,2219,26,-0.01,1
,,,,
614,473,17,0.3,1
,,,,
1427,869,8,0.64,1
,,,,
1050,841,9,0.25,1
,,,,
1427,869,8,0.64,1
,,,,
1050,841,9,0.25,1
,,,,
578,578,1,0,1
,,,,
515,515,1,0,1
,,,,
578,578,1,0,1
,,,,
515,515,1,0,1
,,,,
1039,1105,6,-0.06,1
,,,,
10939,10939,1,0,1
,,,,
1163,8218,2,-0.86,1
,,,,
1397,1397,1,0,1
,,,,
6873,6873,1,0,1
,,,,
11510,11510,1,0,1
,,,,
16873,16873,1,0,1
,,,,
1397,1397,1,0,1
,,,,
6873,6873,1,0,1
,,,,
11510,11510,1,0,1
,,,,
16873,16873,1,0,1
,,,,
1397,1397,1,0,1
,,,,
6873,6873,1,0,1
,,,,
11510,11510,1,0,1
,,,,
16873,16873,1,0,1
,,,,
1397,1397,1,0,1
,,,,
6873,6873,1,0,1
,,,,
11510,11510,1,0,1
,,,,
16873,16873,1,0,1
,,,,
1397,1397,1,0,1
,,,,
6873,6873,1,0,1
,,,,
11510,11510,1,0,1
,,,,
16873,16873,1,0,1
,,,,
4097,4097,1,0,1
,,,,
4097,4097,1,0,1
,,,,
4097,4097,1,0,1
,,,,
4097,4097,1,0,1
,,,,
7064,7064,1,0,1
,,,,
7831,7831,1,0,1
,,,,
7064,7064,1,0,1
,,,,
7831,7831,1,0,1
,,,,
110,110,1,0,1
,,,,
110,110,1,0,1
,,,,
112,112,1,0,1
,,,,
112,112,1,0,1
,,,,
110,110,1,0,1
,,,,
110,110,1,0,1
,,,,
112,112,1,0,1
,,,,
112,112,1,0,1
,,,,
110,110,1,0,1
,,,,
110,110,1,0,1
,,,,
112,112,1,0,1
,,,,
112,112,1,0,1
,,,,
110,110,1,0,1
,,,,
110,110,1,0,1
,,,,
112,112,1,0,1
,,,,
112,112,1,0,1
,,,,
133,133,1,0,1
,,,,
133,133,1,0,1
,,,,
133,133,1,0,1
,,,,
133,133,1,0,1
,,,,
170,170,1,0,1
,,,,
190,190,1,0,1
,,,,
190,190,1,0,1
,,,,
228,228,1,0,1
,,,,
170,170,1,0,1
,,,,
190,190,1,0,1
,,,,
190,190,1,0,1
,,,,
228,228,1,0,1
,,,,
170,170,1,0,1
,,,,
190,190,1,0,1
,,,,
190,190,1,0,1
,,,,
228,228,1,0,1
,,,,
170,170,1,0,1
,,,,
190,190,1,0,1
,,,,
190,190,1,0,1
,,,,
228,228,1,0,1
,,,,
541,541,1,0,1
,,,,
84,84,1,0,1
,,,,
84,84,1,0,1
,,,,
87,87,1,0,1
,,,,
84,84,1,0,1
,,,,
84,84,1,0,1
,,,,
87,87,1,0,1
,,,,
84,84,1,0,1
,,,,
84,84,1,0,1
,,,,
87,87,1,0,1
,,,,
178,178,1,0,1
,,,,
178,178,1,0,1
,,,,
178,178,1,0,1
,,,,
145,145,1,0,1
,,,,
178,178,1,0,1
,,,,
178,178,1,0,1
,,,,
178,178,1,0,1
,,,,
145,145,1,0,1
,,,,
178,178,1,0,1
,,,,
178,178,1,0,1
,,,,
178,178,1,0,1
,,,,
145,145,1,0,1
,,,,
178,178,1,0,1
,,,,
178,178,1,0,1
,,,,
178,178,1,0,1
,,,,
145,145,1,0,1
,,,,
509,509,1,0,1
,,,,
598,598,1,0,1
,,,,
598,598,1,0,1
,,,,
598,598,1,0,1
,,,,
598,598,1,0,1
,,,,
598,598,1,0,1
,,,,
598,598,1,0,1
,,,,
709,709,1,0,1
,,,,
2129,2182,25,-0.02,1
,,,,
437,411,46,0.06,1
,,,,
351,351,43,0,1
,,,,
437,411,46,0.06,1
,,,,
351,351,43,0,1
,,,,
351,389,3,-0.1,1
,,,,
392,350,2,0.12,1
,,,,
351,389,3,-0.1,1
,,,,
392,350,2,0.12,1
,,,,
299,338,39,-0.12,1
,,,,
753,870,19,-0.13,1
,,,,
856,811,10,0.06,1
,,,,
775,766,9,0.01,1
,,,,
856,811,10,0.06,1
,,,,
775,766,9,0.01,1
,,,,
1149,1102,15,0.04,1
,,,,
2335,2048,27,0.14,1
,,,,
509,479,27,0.06,1
,,,,
513,477,39,0.08,1
,,,,
509,479,27,0.06,1
,,,,
513,477,39,0.08,1
,,,,
300,343,39,-0.13,1
,,,,
459,485,33,-0.05,1
,,,,
808,812,27,0,1
,,,,
681,791,23,-0.14,1
,,,,
808,812,27,0,1
,,,,
681,791,23,-0.14,1
,,,,
276,264,5,0.05,1
,,,,
208,236,5,-0.12,1
,,,,
276,264,5,0.05,1
,,,,
208,236,5,-0.12,1
,,,,
327,315,2,0.04,1
,,,,
405,363,43,0.12,1
,,,,
380,310,38,0.23,1
,,,,
379,310,38,0.22,1
,,,,
405,363,43,0.12,1
,,,,
380,310,38,0.23,1
,,,,
379,310,38,0.22,1
,,,,
405,363,43,0.12,1
,,,,
380,310,38,0.23,1
,,,,
379,310,38,0.22,1
,,,,
1790,1790,15,0,1
,,,,
177,171,28,0.04,1
,,,,
137,148,20,-0.07,1
,,,,
262,262,3,0,1
,,,,
253,256,4,-0.01,1
,,,,
246,243,4,0.01,1
,,,,
488,241,4,1.02,1
,,,,
262,262,3,0,1
,,,,
253,256,4,-0.01,1
,,,,
246,243,4,0.01,1
,,,,
488,241,4,1.02,1
,,,,
262,262,3,0,1
,,,,
253,256,4,-0.01,1
,,,,
246,243,4,0.01,1
,,,,
488,241,4,1.02,1
,,,,
262,262,3,0,1
,,,,
253,256,4,-0.01,1
,,,,
246,243,4,0.01,1
,,,,
488,241,4,1.02,1
,,,,
281,274,10,0.03,1
,,,,
160,158,18,0.01,1
,,,,
188,156,19,0.21,1
,,,,
160,158,18,0.01,1
,,,,
188,156,19,0.21,1
,,,,
178,180,21,-0.01,1
,,,,
374,290,28,0.29,1
,,,,
419,412,7,0.02,1
,,,,
238,238,1,0,1
,,,,
288,288,1,0,1
